,Scientific,Dutch,RL_NT,RL_VU,RL_EN,RL_CR,RL_EX,HabDir_II,HabDir_IV,BirdDir_I,BernConv_1,BernConv_2,BonnConv_1,BonnConv_2,FF_Table1,FF_Table2,FF_Table3,FF_Birds,taxonomicGroup
Apodemus sylvaticus,Apodemus sylvaticus,Bosmuis,0,0,0,0,0,0,0,0,0,0,0,0,1,0,0,0,Mammals
Arvicola amphibius,Arvicola amphibius,Woelrat,0,0,0,0,0,0,0,0,0,0,0,0,1,0,0,0,Mammals
Capreolus capreolus,Capreolus capreolus,Ree,0,0,0,0,0,0,0,0,0,0,0,0,0,0,0,0,Mammals
Castor fiber,Castor fiber,Bever,1,0,0,0,0,1,1,0,0,0,0,0,0,0,1,0,Mammals
Cervus elaphus,Cervus elaphus,Edelhert,0,0,0,0,0,0,0,0,0,0,0,0,0,1,0,0,Mammals
Eptesicus serotinus,Eptesicus serotinus,Laatvlieger,0,0,0,0,0,0,0,0,0,0,0,0,0,0,0,0,Mammals
Erinaceus europaeus,Erinaceus europaeus,Egel ,0,0,0,0,0,0,0,0,0,0,0,0,0,0,0,0,Mammals
Lepus europaeus,Lepus europaeus,Haas ,0,0,0,0,0,0,0,0,0,0,0,0,1,0,0,0,Mammals
Lutra lutra,Lutra lutra,Otter,0,0,0,0,1,1,1,0,0,1,0,0,0,0,1,0,Mammals
Meles meles,Meles meles,Das ,0,0,0,0,0,0,0,0,0,0,0,0,0,0,0,0,Mammals
Micromys minutus,Micromys minutus,Dwergmuis ,0,0,0,0,0,0,0,0,0,0,0,0,1,0,0,0,Mammals
Microtus agrestis,Microtus agrestis,Aardmuis ,0,0,0,0,0,0,0,0,0,0,0,0,1,0,0,0,Mammals
Microtus arvalis,Microtus arvalis,Veldmuis ,0,0,0,0,0,0,0,0,0,0,0,0,1,0,0,0,Mammals
Microtus oeconomus subsp. arenicola,Microtus oeconomus subsp. arenicola,Noordse woelmuis,0,1,0,0,0,1,1,0,0,1,0,0,0,0,1,0,Mammals
Microtus subterraneus,Microtus subterraneus,Ondergrondse woelmuis,0,0,0,0,0,0,0,0,0,0,0,0,1,0,0,0,Mammals
Mus musculus,Mus musculus,Huismuis,0,0,0,0,0,0,0,0,0,0,0,0,0,0,0,0,Mammals
Mustela erminea,Mustela erminea,Hermelijn ,1,0,0,0,0,0,0,0,0,0,0,0,1,0,0,0,Mammals
Mustela lutreola,Mustela lutreola,Europese nerts,0,0,0,0,1,0,0,0,0,1,0,0,0,0,0,0,Mammals
Mustela nivalis,Mustela nivalis,Wezel,1,0,0,0,0,0,0,0,0,0,0,0,1,0,0,0,Mammals
Mustela putorius,Mustela putorius,Bunzing,0,0,0,0,0,0,0,0,0,0,0,0,1,0,0,0,Mammals
Myodes glareolus,Myodes glareolus,Rosse woelmuis,0,0,0,0,0,0,0,0,0,0,0,0,0,0,0,0,Mammals
Myotis dasycneme,Myotis dasycneme,Meervleermuis,0,0,0,0,0,1,1,0,0,1,0,1,0,0,1,0,Mammals
Myotis daubentonii,Myotis daubentonii,Watervleermuis,0,0,0,0,0,0,1,0,0,1,0,1,0,0,1,0,Mammals
Myotis mystacinus,Myotis mystacinus,Baardvleermuis,0,0,0,0,0,0,1,0,0,1,0,1,0,0,1,0,Mammals
Myotis nattereri,Myotis nattereri,Franjestaart,0,0,0,0,0,0,1,0,0,1,0,1,0,0,0,0,Mammals
Neomys fodiens,Neomys fodiens,Waterspitsmuis,0,1,0,0,0,0,0,0,0,0,0,0,0,0,1,0,Mammals
Nyctalus leisleri,Nyctalus leisleri,Bosvleermuis,0,0,0,0,0,0,1,0,0,1,0,1,0,0,1,0,Mammals
Nyctalus noctula,Nyctalus noctula,Rosse vleermuis,0,0,0,0,0,0,1,0,0,1,0,1,0,0,1,0,Mammals
Oryctolagus cuniculus,Oryctolagus cuniculus,Konijn,0,0,0,0,0,0,0,0,0,0,0,0,0,0,0,0,Mammals
Pipistrellus nathusii,Pipistrellus nathusii,Ruige dwergvleermuis,0,0,0,0,0,0,1,0,0,1,0,1,0,0,1,0,Mammals
Pipistrellus pipistrellus,Pipistrellus pipistrellus,Gewone dwergvleermuis,0,0,0,0,0,0,1,0,0,0,0,1,0,0,1,0,Mammals
Plecotus auritus,Plecotus auritus,Gewone grootoorvleermuis,0,0,0,0,0,0,1,0,0,1,0,1,0,0,1,0,Mammals
Plecotus austriacus,Plecotus austriacus,Grijze grootoorvleermuis,0,1,0,0,0,0,1,0,0,1,0,1,0,0,1,0,Mammals
Rattus norvegicus,Rattus norvegicus,Bruine rat,0,0,0,0,0,0,0,0,0,0,0,0,0,0,0,0,Mammals
Sciurus vulgaris,Sciurus vulgaris,Eekhoorn,0,0,0,0,0,0,0,0,0,0,0,0,0,1,0,0,Mammals
Sorex araneus,Sorex araneus,Gewone bosspitsmuis,0,0,0,0,0,0,0,0,0,0,0,0,1,0,0,0,Mammals
Sorex coronatus,Sorex coronatus,Tweekleurige bosspitsmuis,0,0,0,0,0,0,0,0,0,0,0,0,1,0,0,0,Mammals
Sorex minutus,Sorex minutus,Dwergspitsmuis ,0,0,0,0,0,0,0,0,0,0,0,0,1,0,0,0,Mammals
Sus scrofa,Sus scrofa,Wild zwijn,0,0,0,0,0,0,0,0,0,0,0,0,0,1,0,0,Mammals
Talpa europaea,Talpa europaea,Mol,0,0,0,0,0,0,0,0,0,0,0,0,1,0,0,0,Mammals
Vulpes vulpes,Vulpes vulpes,Vos ,0,0,0,0,0,0,0,0,0,0,0,0,1,0,0,0,Mammals
Accipiter gentilis,Accipiter gentilis,Havik,0,0,0,0,0,0,0,0,0,1,0,1,0,0,0,1,Birds
Accipiter nisus,Accipiter nisus,Sperwer,0,0,0,0,0,0,0,0,0,1,0,1,0,0,0,1,Birds
Acrocephalus arundinaceus,Acrocephalus arundinaceus,Grote karekiet,0,0,1,0,0,0,0,1,0,1,0,1,0,0,0,1,Birds
Acrocephalus paludicola,Acrocephalus paludicola,Waterrietzanger,0,0,0,0,0,0,0,1,0,1,0,1,0,0,0,1,Birds
Acrocephalus palustris,Acrocephalus palustris,Bosrietzanger,0,0,0,0,0,0,0,0,0,0,0,0,0,0,0,1,Birds
Acrocephalus schoenobaenus,Acrocephalus schoenobaenus,Rietzanger,0,0,0,0,0,0,0,1,0,1,0,1,0,0,0,1,Birds
Acrocephalus scirpaceus,Acrocephalus scirpaceus,Kleine karekiet,0,0,0,0,0,0,0,0,0,0,0,0,0,0,0,1,Birds
Actitis hypoleucos,Actitis hypoleucos,Oeverloper,1,0,0,0,0,0,0,0,0,1,0,1,0,0,0,1,Birds
Aegithalos caudatus,Aegithalos caudatus,Staartmees,0,0,0,0,0,0,0,0,0,1,0,0,0,0,0,1,Birds
Alauda arvensis,Alauda arvensis,Veldleeuwerik,1,0,0,0,0,0,0,0,0,1,0,0,0,0,0,1,Birds
Alcedo atthis,Alcedo atthis,Ijsvogel,0,0,0,0,0,0,0,1,0,1,0,0,0,0,0,1,Birds
Anas acuta,Anas acuta,Pijlstaart,0,0,1,0,0,0,0,1,0,0,0,1,0,0,0,1,Birds
Anas clypeata,Anas clypeata,Slobeend,0,1,0,0,0,0,0,1,0,0,0,1,0,0,0,1,Birds
Anas crecca,Anas crecca,Wintertaling,0,1,0,0,0,0,0,1,0,0,0,1,0,0,0,1,Birds
Anas penelope,Anas penelope,Smient,0,0,0,0,0,0,0,1,0,0,0,1,0,0,0,1,Birds
Anas platyrhynchos,Anas platyrhynchos,Wilde eend,0,0,0,0,0,0,0,1,0,0,0,0,0,0,0,1,Birds
Anas querquedula,Anas querquedula,Zomertaling,0,1,0,0,0,0,0,0,0,0,0,1,0,0,0,1,Birds
Anas strepera,Anas strepera,Krakeend,0,0,0,0,0,0,0,1,0,0,0,1,0,0,0,1,Birds
Anser albifrons,Anser albifrons,Kolgans,0,0,0,0,0,0,0,1,0,0,0,1,0,0,0,1,Birds
Anser anser,Anser anser,Grauwe gans,0,0,0,0,0,0,0,1,0,0,0,1,0,0,0,1,Birds
Anser fabalis,Anser fabalis,Taigarietgans,0,0,0,0,0,0,0,0,0,0,0,1,0,0,0,1,Birds
Anser serrirostris,Anser serrirostris,Toendrarietgans,0,0,0,0,0,0,0,1,0,1,0,1,0,0,0,1,Birds
Anthus cervinus,Anthus cervinus,Roodkeelpieper,0,0,0,0,0,0,0,0,0,1,0,0,0,0,0,1,Birds
Anthus pratensis,Anthus pratensis,Graspieper ,1,0,0,0,0,0,0,0,0,1,0,0,0,0,0,1,Birds
Anthus spinoletta,Anthus spinoletta,Waterpieper,0,0,0,0,0,0,0,0,0,1,0,0,0,0,0,1,Birds
Anthus trivialis,Anthus trivialis,Boompieper,0,0,0,0,0,0,0,0,0,1,0,0,0,0,0,1,Birds
Apus apus,Apus apus,Gierzwaluw,0,0,0,0,0,0,0,0,0,0,0,0,0,0,0,1,Birds
Ardea cinerea,Ardea cinerea,Blauwe reiger,0,0,0,0,0,0,0,0,0,0,0,0,0,0,0,1,Birds
Ardea purpurea,Ardea purpurea,Purperreiger,0,0,1,0,0,0,0,1,0,1,0,1,0,0,0,1,Birds
Asio flammeus ,Asio flammeus ,Velduil,0,0,0,1,0,0,0,1,0,1,0,0,0,0,0,1,Birds
Asio otus,Asio otus,Ransuil,0,1,0,0,0,0,0,0,0,1,0,0,0,0,0,1,Birds
Athene noctua,Athene noctua,Steenuil,0,1,0,0,0,0,0,0,0,1,0,0,0,0,0,1,Birds
Aythya ferina,Aythya ferina,Tafeleend,0,0,0,0,0,0,0,1,0,0,0,1,0,0,0,1,Birds
Aythya fuligula,Aythya fuligula,Kuifeend,0,0,0,0,0,0,0,1,0,0,0,1,0,0,0,1,Birds
Bombycilla garrulus,Bombycilla garrulus,Pestvogel,0,0,0,0,0,0,0,0,0,1,0,0,0,0,0,1,Birds
Botaurus stellaris,Botaurus stellaris,Roerdomp,0,0,1,0,0,0,0,1,0,1,0,1,0,0,0,1,Birds
Branta leucopsis,Branta leucopsis,Brandgans,0,0,0,0,0,0,0,1,0,1,0,1,0,0,0,1,Birds
Branta ruficollis,Branta ruficollis,Roodhalsgans,0,0,0,0,0,0,0,1,0,1,0,1,0,0,0,1,Birds
Bubo bubo,Bubo bubo,Oehoe,0,0,0,0,0,0,0,1,0,1,0,0,0,0,0,1,Birds
Bubulcus ibis,Bubulcus ibis,Koereiger,0,0,0,0,0,0,0,0,0,1,0,0,0,0,0,1,Birds
Bucephala clangula,Bucephala clangula,Brilduiker,1,0,0,0,0,0,0,0,0,0,0,0,0,0,0,1,Birds
Buteo buteo,Buteo buteo,Buizerd,0,0,0,0,0,0,0,0,0,1,0,1,0,0,0,1,Birds
Calcarius lapponicus,Calcarius lapponicus,Ijsgors ,0,0,0,0,0,0,0,0,0,1,0,0,0,0,0,1,Birds
Calidris alpina,Calidris alpina,Bonte strandloper,0,0,0,0,0,0,0,1,0,1,0,1,0,0,0,1,Birds
Calidris temminckii,Calidris temminckii,Temmincks strandloper,0,0,0,0,0,0,0,0,0,1,0,1,0,0,0,1,Birds
Carduelis cabaret,Carduelis cabaret,Kleine barmsijs,0,0,0,0,0,0,0,0,0,1,0,0,0,0,0,1,Birds
Carduelis cannabina,Carduelis cannabina,Kneu,1,0,0,0,0,0,0,0,0,1,0,0,0,0,0,1,Birds
Carduelis carduelis,Carduelis carduelis,Putter,0,0,0,0,0,0,0,0,0,1,0,0,0,0,0,1,Birds
Casmerodius albus ,Casmerodius albus ,Grote zilverreiger,1,0,0,0,0,0,0,1,0,1,0,1,0,0,0,1,Birds
Certhia brachydactyla,Certhia brachydactyla,Boomkruiper,0,0,0,0,0,0,0,0,0,1,0,0,0,0,0,1,Birds
Charadrius dubius,Charadrius dubius,Kleine plevier,0,0,0,0,0,0,0,0,0,1,0,1,0,0,0,1,Birds
Charadrius hiaticula ,Charadrius hiaticula ,Bontbekplevier ,0,1,0,0,0,0,0,1,0,1,0,1,0,0,0,1,Birds
Chlidonias niger,Chlidonias niger,Zwarte stern,0,0,1,0,0,0,0,1,0,1,0,1,0,0,0,1,Birds
Chloris chloris,Chloris chloris,Groenling ,0,0,0,0,0,0,0,0,0,1,0,0,0,0,0,1,Birds
Chroicocephalus ridibundus,Chroicocephalus ridibundus,Kokmeeuw,0,0,0,0,0,0,0,0,0,1,0,0,0,0,0,1,Birds
Ciconia ciconia,Ciconia ciconia,Ooievaar,0,0,0,0,0,0,0,1,0,1,0,1,0,0,0,1,Birds
Ciconia nigra,Ciconia nigra,Zwarte ooievaar,0,0,0,0,0,0,0,1,0,1,0,1,0,0,0,1,Birds
Circus aeruginosus,Circus aeruginosus,Bruine kiekendief,0,0,0,0,0,0,0,1,0,1,0,1,0,0,0,1,Birds
Circus cyaneus,Circus cyaneus,Blauwe kiekendief,1,0,0,0,0,0,0,1,0,1,0,1,0,0,0,1,Birds
Circus pygargus,Circus pygargus,Grauwe kiekendief,0,0,0,1,0,0,0,1,0,1,0,1,0,0,0,1,Birds
Coccothraustes coccothraustes,Coccothraustes coccothraustes,Appelvink,0,0,0,0,0,0,0,0,0,1,0,0,0,0,0,1,Birds
Columba oenas,Columba oenas,Holenduif,0,0,0,0,0,0,0,0,0,1,0,0,0,0,0,1,Birds
Columba palumbus,Columba palumbus,Houtduif,0,0,0,0,0,0,0,1,0,0,0,0,0,0,0,1,Birds
Corvus corone,Corvus corone,Zwarte kraai,0,0,0,0,0,0,0,1,0,0,0,0,0,0,0,1,Birds
Corvus frugilegus,Corvus frugilegus,Roek,0,0,0,0,0,0,0,0,0,0,0,0,0,0,0,1,Birds
Corvus monedula,Corvus monedula,Kauw ,0,0,0,0,0,0,0,1,0,0,0,0,0,0,0,1,Birds
Coturnix coturnix,Coturnix coturnix,Kwartel,0,0,0,0,0,0,0,0,0,0,0,1,0,0,0,1,Birds
Crex crex,Crex crex,Kwartelkoning,0,1,0,0,0,0,0,1,0,1,0,1,0,0,0,1,Birds
Cuculus canorus,Cuculus canorus,Koekoek,0,1,0,0,0,0,0,0,0,0,0,0,0,0,0,1,Birds
Cyanistes caeruleus,Cyanistes caeruleus,Pimpelmees,0,0,0,0,0,0,0,0,0,1,0,0,0,0,0,1,Birds
Cygnus bewickii,Cygnus bewickii,Kleine zwaan,0,0,0,0,0,0,0,1,0,1,0,1,0,0,0,1,Birds
Cygnus cygnus,Cygnus cygnus,Wilde zwaan,0,0,0,0,0,0,0,1,0,1,0,1,0,0,0,1,Birds
Cygnus olor,Cygnus olor,Knobbelzwaan,0,0,0,0,0,0,0,0,0,1,0,1,0,0,0,1,Birds
Delichon urbicum,Delichon urbicum,Huiszwaluw,1,0,0,0,0,0,0,0,0,1,0,0,0,0,0,1,Birds
Dendrocopos major,Dendrocopos major,Grote bonte specht ,0,0,0,0,0,0,0,0,0,1,0,0,0,0,0,1,Birds
Dendrocopos medius,Dendrocopos medius,Middelste bonte specht,0,0,0,0,0,0,0,1,0,1,0,0,0,0,0,1,Birds
Dendrocopos minor,Dendrocopos minor,Kleine bonte specht,0,0,0,0,0,0,0,0,0,1,0,0,0,0,0,1,Birds
Dryocopus martius,Dryocopus martius,Zwarte specht,0,0,0,0,0,0,0,1,0,1,0,0,0,0,0,1,Birds
Egretta garzetta,Egretta garzetta,Kleine zilverreiger,1,0,0,0,0,0,0,1,0,1,0,0,0,0,0,1,Birds
Emberiza calandra,Emberiza calandra,Grauwe gors,0,0,0,1,0,0,0,0,0,0,0,0,0,0,0,1,Birds
Emberiza citrinella,Emberiza citrinella,Geelgors ,0,0,0,0,0,0,0,0,0,1,0,0,0,0,0,1,Birds
Emberiza schoeniclus,Emberiza schoeniclus,Rietgors,0,0,0,0,0,0,0,0,0,0,0,0,0,0,0,1,Birds
Erithacus rubecula,Erithacus rubecula,Roodborst,0,0,0,0,0,0,0,0,0,1,0,1,0,0,0,1,Birds
Falco columbarius,Falco columbarius,Smelleken,0,0,0,0,0,0,0,1,0,1,0,1,0,0,0,1,Birds
Falco peregrinus,Falco peregrinus,Slechtvalk,1,0,0,0,0,0,0,1,0,1,0,1,0,0,0,1,Birds
Falco subbuteo,Falco subbuteo,Boomvalk,0,1,0,0,0,0,0,0,0,1,0,1,0,0,0,1,Birds
Falco tinnunculus,Falco tinnunculus,Torenvalk,0,0,0,0,0,0,0,0,0,1,0,1,0,0,0,1,Birds
Falco vespertinus,Falco vespertinus,Roodpootvalk,0,0,0,0,0,0,0,1,0,1,0,1,0,0,0,1,Birds
Fringilla coelebs,Fringilla coelebs,Vink,0,0,0,0,0,0,0,0,0,0,0,0,0,0,0,1,Birds
Fulica atra,Fulica atra,Meerkoet,0,0,0,0,0,0,0,1,0,0,0,0,0,0,0,1,Birds
Galerida cristata,Galerida cristata,Kuifleeuwerik ,0,0,0,1,0,0,0,0,0,0,0,0,0,0,0,1,Birds
Gallinago gallinago,Gallinago gallinago,Watersnip,0,0,1,0,0,0,0,0,0,0,0,1,0,0,0,1,Birds
Gallinula chloropus,Gallinula chloropus,Waterhoen,0,0,0,0,0,0,0,0,0,0,0,0,0,0,0,1,Birds
Garrulus glandarius,Garrulus glandarius,Gaai ,0,0,0,0,0,0,0,1,0,0,0,0,0,0,0,1,Birds
Gavia immer,Gavia immer,Ijsduiker ,0,0,0,0,0,0,0,1,0,1,0,1,0,0,0,1,Birds
Grus grus,Grus grus,Kraanvogel,0,0,0,0,0,0,0,1,0,1,0,1,0,0,0,1,Birds
Haematopus ostralegus,Haematopus ostralegus,Scholekster,0,0,0,0,0,0,0,1,0,0,0,0,0,0,0,1,Birds
Haliaeetus albicilla,Haliaeetus albicilla,Zeearend,0,0,0,0,0,0,0,1,0,1,0,1,0,0,0,1,Birds
Himantopus himantopus,Himantopus himantopus,Steltkluut,1,0,0,0,0,0,0,1,0,1,0,1,0,0,0,1,Birds
Hippolais icterina,Hippolais icterina,Spotvogel,1,0,0,0,0,0,0,0,0,1,0,1,0,0,0,1,Birds
Hirundo rustica,Hirundo rustica,Boerenzwaluw,1,0,0,0,0,0,0,0,0,1,0,0,0,0,0,1,Birds
Ixobrychus minutus,Ixobrychus minutus,Woudaapje,0,0,0,1,0,0,0,1,0,1,0,1,0,0,0,1,Birds
Lanius excubitor,Lanius excubitor,Klapekster ,0,0,0,1,0,0,0,0,0,1,0,0,0,0,0,1,Birds
Larus canus,Larus canus,Stormmeeuw,0,0,0,0,0,0,0,0,0,1,0,0,0,0,0,1,Birds
Larus melanocephalus,Larus melanocephalus,Zwartkopmeeuw,0,0,0,0,0,0,0,1,0,1,0,1,0,0,0,1,Birds
Larus michahellis,Larus michahellis,Geelpootmeeuw ,0,0,0,0,0,0,0,0,0,1,0,0,0,0,0,1,Birds
Limosa limosa,Limosa limosa,Grutto,1,0,0,0,0,0,0,1,0,0,0,1,0,0,0,1,Birds
Locustella luscinioides,Locustella luscinioides,Snor,0,1,0,0,0,0,0,1,0,1,0,1,0,0,0,1,Birds
Locustella naevia,Locustella naevia,Sprinkhaanrietzanger,0,0,0,0,0,0,0,0,0,1,0,1,0,0,0,1,Birds
Lophophanes cristatus,Lophophanes cristatus,Kuifmees,0,0,0,0,0,0,0,0,0,1,0,0,0,0,0,1,Birds
Loxia curvirostra,Loxia curvirostra,Kruisbek,0,0,0,0,0,0,0,0,0,1,0,0,0,0,0,1,Birds
Lullula arborea,Lullula arborea,Boomleeuwerik,0,0,0,0,0,0,0,1,0,1,0,0,0,0,0,1,Birds
Luscinia luscinia,Luscinia luscinia,Noordse nachtegaal,0,0,0,0,0,0,0,0,0,1,0,1,0,0,0,1,Birds
Luscinia megarhynchos,Luscinia megarhynchos,Nachtegaal,0,1,0,0,0,0,0,0,0,1,0,1,0,0,0,1,Birds
Luscinia svecica,Luscinia svecica,Blauwborst,0,0,0,0,0,0,0,1,0,1,0,0,0,0,0,1,Birds
Lymnocryptes minimus,Lymnocryptes minimus,Bokje ,0,0,0,0,0,0,0,1,0,1,0,1,0,0,0,1,Birds
Mergellus albellus,Mergellus albellus,Nonnetje,0,0,0,0,0,0,0,1,0,1,0,1,0,0,0,1,Birds
Mergus merganser,Mergus merganser,Grote zaagbek,0,0,0,0,0,0,0,1,0,0,0,1,0,0,0,1,Birds
Merops apiaster,Merops apiaster,Bijeneter ,0,0,0,0,0,0,0,0,0,1,0,0,0,0,0,1,Birds
Milvus migrans,Milvus migrans,Zwarte wouw,0,0,0,0,0,0,0,1,0,1,0,1,0,0,0,1,Birds
Milvus milvus,Milvus milvus,Rode wouw,0,0,0,0,0,0,0,1,0,1,0,1,0,0,0,1,Birds
Motacilla alba,Motacilla alba,Witte kwikstaart,0,0,0,0,0,0,0,0,0,1,0,0,0,0,0,1,Birds
Motacilla cinerea,Motacilla cinerea,Grote gele kwikstaart,0,0,0,0,0,0,0,0,0,1,0,0,0,0,0,1,Birds
Motacilla flava,Motacilla flava,Gele kwikstaart,1,0,0,0,0,0,0,0,0,1,0,0,0,0,0,1,Birds
Motacilla thunbergi,Motacilla thunbergi,Noordse kwikstaart,0,0,0,0,0,0,0,0,0,1,0,0,0,0,0,1,Birds
Muscicapa striata,Muscicapa striata,Grauwe vliegenvanger,1,0,0,0,0,0,0,0,0,1,0,0,0,0,0,1,Birds
Netta rufina,Netta rufina,Krooneend,0,0,0,0,0,0,0,1,0,1,0,1,0,0,0,1,Birds
Nucifraga caryocatactes,Nucifraga caryocatactes,Notenkraker,0,0,0,0,0,0,0,0,0,1,0,0,0,0,0,1,Birds
Numenius arquata,Numenius arquata,Wulp,0,0,0,0,0,0,0,1,0,0,0,1,0,0,0,1,Birds
Nycticorax nycticorax,Nycticorax nycticorax,Kwak,0,0,0,0,1,0,0,1,0,1,0,0,0,0,0,1,Birds
Oenanthe oenanthe,Oenanthe oenanthe,Tapuit,0,0,1,0,0,0,0,1,0,1,0,1,0,0,0,1,Birds
Oriolus oriolus,Oriolus oriolus,Wielewaal,0,1,0,0,0,0,0,0,0,1,0,0,0,0,0,1,Birds
Pandion haliaetus,Pandion haliaetus,Visarend,0,0,0,0,0,0,0,1,0,1,0,1,0,0,0,1,Birds
Panurus biarmicus,Panurus biarmicus,Baardmannetje,0,0,0,0,0,0,0,0,0,1,0,0,0,0,0,1,Birds
Parus major,Parus major,Koolmees,0,0,0,0,0,0,0,0,0,1,0,0,0,0,0,1,Birds
Passer domesticus,Passer domesticus,Huismus ,1,0,0,0,0,0,0,0,0,0,0,0,0,0,0,1,Birds
Passer montanus,Passer montanus,Ringmus,1,0,0,0,0,0,0,0,0,0,0,0,0,0,0,1,Birds
Perdix perdix,Perdix perdix,Patrijs,0,1,0,0,0,0,0,0,0,0,0,0,0,0,0,1,Birds
Pernis apivorus,Pernis apivorus,Wespendief,0,0,0,0,0,0,0,1,0,1,0,1,0,0,0,1,Birds
Phalacrocorax carbo,Phalacrocorax carbo,Aalscholver,0,0,0,0,0,0,0,1,0,0,0,0,0,0,0,1,Birds
Philomachus pugnax,Philomachus pugnax,Kemphaan,0,0,0,1,0,0,0,1,0,0,0,1,0,0,0,1,Birds
Phoenicurus ochruros,Phoenicurus ochruros,Zwarte roodstaart,0,0,0,0,0,0,0,0,0,1,0,1,0,0,0,1,Birds
Phoenicurus phoenicurus,Phoenicurus phoenicurus,Gekraagde roodstaart,0,0,0,0,0,0,0,0,0,1,0,1,0,0,0,1,Birds
Phylloscopus collybita,Phylloscopus collybita,Tjiftjaf ,0,0,0,0,0,0,0,0,0,1,0,1,0,0,0,1,Birds
Phylloscopus sibilatrix,Phylloscopus sibilatrix,Fluiter ,0,0,0,0,0,0,0,0,0,1,0,1,0,0,0,1,Birds
Phylloscopus trochilus,Phylloscopus trochilus,Fitis,0,0,0,0,0,0,0,0,0,1,0,1,0,0,0,1,Birds
Pica pica,Pica pica,Ekster ,0,0,0,0,0,0,0,1,0,0,0,0,0,0,0,1,Birds
Picus viridis,Picus viridis,Groene specht ,0,1,0,0,0,0,0,0,0,1,0,0,0,0,0,1,Birds
Platalea leucorodia,Platalea leucorodia,Lepelaar,0,0,0,0,0,0,0,1,0,0,0,1,0,0,0,1,Birds
Plectrophenax nivalis,Plectrophenax nivalis,Sneeuwgors,0,0,0,0,0,0,0,0,0,1,0,0,0,0,0,1,Birds
Pluvialis apricaria,Pluvialis apricaria,Goudplevier,0,0,0,0,1,0,0,1,0,1,0,1,0,0,0,1,Birds
Pluvialis squatarola,Pluvialis squatarola,Zilverplevier,0,0,0,0,0,0,0,1,0,0,0,1,0,0,0,1,Birds
Podiceps auritus,Podiceps auritus,Kuifduiker,0,0,0,0,0,0,0,1,0,1,0,1,0,0,0,1,Birds
Podiceps cristatus,Podiceps cristatus,Fuut,0,0,0,0,0,0,0,1,0,0,0,0,0,0,0,1,Birds
Podiceps grisegena,Podiceps grisegena,Roodhalsfuut,1,0,0,0,0,0,0,0,0,1,0,1,0,0,0,1,Birds
Podiceps nigricollis,Podiceps nigricollis,Geoorde fuut ,0,0,0,0,0,0,0,1,0,1,0,0,0,0,0,1,Birds
Poecile montanus,Poecile montanus,Matkop,1,0,0,0,0,0,0,0,0,1,0,0,0,0,0,1,Birds
Poecile palustris,Poecile palustris,Glanskop,0,0,0,0,0,0,0,0,0,1,0,0,0,0,0,1,Birds
Porzana parva,Porzana parva,Klein waterhoen,0,0,0,0,0,0,0,1,0,1,0,1,0,0,0,1,Birds
Porzana porzana,Porzana porzana,Porseleinhoen,0,1,0,0,0,0,0,1,0,1,0,1,0,0,0,1,Birds
Porzana pusilla,Porzana pusilla,Kleinst waterhoen,0,0,0,0,1,0,0,1,0,1,0,1,0,0,0,1,Birds
Prunella modularis,Prunella modularis,Heggenmus ,0,0,0,0,0,0,0,0,0,1,0,0,0,0,0,1,Birds
Pyrrhula pyrrhula,Pyrrhula pyrrhula,Goudvink ,0,0,0,0,0,0,0,0,0,0,0,0,0,0,0,1,Birds
Rallus aquaticus,Rallus aquaticus,Waterral,0,0,0,0,0,0,0,0,0,0,0,0,0,0,0,1,Birds
Recurvirostra avosetta,Recurvirostra avosetta,Kluut,0,0,0,0,0,0,0,1,0,1,0,1,0,0,0,1,Birds
Regulus ignicapilla,Regulus ignicapilla,Vuurgoudhaan,0,0,0,0,0,0,0,0,0,1,0,1,0,0,0,1,Birds
Regulus regulus,Regulus regulus,Goudhaan,0,0,0,0,0,0,0,0,0,1,0,1,0,0,0,1,Birds
Remiz pendulinus,Remiz pendulinus,Buidelmees,0,0,0,0,0,0,0,0,0,0,0,0,0,0,0,1,Birds
Riparia riparia,Riparia riparia,Oeverzwaluw,0,0,0,0,0,0,0,1,0,1,0,0,0,0,0,1,Birds
Saxicola rubetra,Saxicola rubetra,Paapje,0,0,1,0,0,0,0,0,0,1,0,0,0,0,0,1,Birds
Saxicola rubicola,Saxicola rubicola,Roodborsttapuit,0,0,0,0,0,0,0,0,0,1,0,0,0,0,0,1,Birds
Serinus serinus,Serinus serinus,Europese kanarie ,0,0,0,0,0,0,0,0,0,1,0,0,0,0,0,1,Birds
Sitta europaea,Sitta europaea,Boomklever ,0,0,0,0,0,0,0,0,0,1,0,0,0,0,0,1,Birds
Spinus spinus,Spinus spinus,Sijs,0,0,0,0,0,0,0,0,0,1,0,0,0,0,0,1,Birds
Sterna hirundo,Sterna hirundo,Visdief,0,1,0,0,0,0,0,1,0,1,0,1,0,0,0,1,Birds
Streptopelia decaocto,Streptopelia decaocto,Turkse tortel,0,0,0,0,0,0,0,0,0,0,0,0,0,0,0,1,Birds
Streptopelia turtur,Streptopelia turtur,Zomertortel,0,1,0,0,0,0,0,0,0,0,0,1,0,0,0,1,Birds
Strix aluco,Strix aluco,Bosuil,0,0,0,0,0,0,0,0,0,1,0,0,0,0,0,1,Birds
Sturnus vulgaris,Sturnus vulgaris,Spreeuw,0,0,0,0,0,0,0,0,0,0,0,0,0,0,0,1,Birds
Sylvia atricapilla,Sylvia atricapilla,Zwartkop,0,0,0,0,0,0,0,0,0,1,0,1,0,0,0,1,Birds
Sylvia borin,Sylvia borin,Tuinfluiter,0,0,0,0,0,0,0,0,0,1,0,1,0,0,0,1,Birds
Sylvia communis,Sylvia communis,Grasmus,0,0,0,0,0,0,0,0,0,1,0,1,0,0,0,1,Birds
Sylvia curruca,Sylvia curruca,Braamsluiper ,0,0,0,0,0,0,0,0,0,1,0,1,0,0,0,1,Birds
Tachybaptus ruficollis,Tachybaptus ruficollis,Dodaars,0,0,0,0,0,0,0,1,0,1,0,0,0,0,0,1,Birds
Tadorna tadorna,Tadorna tadorna,Bergeend,0,0,0,0,0,0,0,0,0,1,0,1,0,0,0,1,Birds
Tringa erythropus,Tringa erythropus,Zwarte ruiter,0,0,0,0,0,0,0,0,0,0,0,1,0,0,0,1,Birds
Tringa glareola,Tringa glareola,Bosruiter ,0,0,0,0,0,0,0,1,0,1,0,1,0,0,0,1,Birds
Tringa nebularia,Tringa nebularia,Groenpootruiter,0,0,0,0,0,0,0,0,0,0,0,1,0,0,0,1,Birds
Tringa ochropus,Tringa ochropus,Witgatje,0,0,0,0,0,0,0,0,0,1,0,1,0,0,0,1,Birds
Tringa stagnatilis,Tringa stagnatilis,Poelruiter ,0,0,0,0,0,0,0,0,0,1,0,1,0,0,0,1,Birds
Tringa totanus,Tringa totanus,Tureluur,1,0,0,0,0,0,0,1,0,0,0,1,0,0,0,1,Birds
Troglodytes troglodytes,Troglodytes troglodytes,Winterkoning,0,0,0,0,0,0,0,0,0,1,0,0,0,0,0,1,Birds
Turdus iliacus,Turdus iliacus,Koperwiek,0,0,0,0,0,0,0,0,0,0,0,1,0,0,0,1,Birds
Turdus merula,Turdus merula,Merel,0,0,0,0,0,0,0,0,0,0,0,1,0,0,0,1,Birds
Turdus philomelos,Turdus philomelos,Zanglijster,0,0,0,0,0,0,0,0,0,0,0,1,0,0,0,1,Birds
Turdus pilaris,Turdus pilaris,Kramsvogel,1,0,0,0,0,0,0,0,0,0,0,1,0,0,0,1,Birds
Turdus viscivorus,Turdus viscivorus,Grote lijster ,0,0,0,0,0,0,0,0,0,1,0,0,0,0,0,1,Birds
Tyto alba,Tyto alba,Kerkuil,0,1,0,0,0,0,0,0,0,1,0,0,0,0,0,1,Birds
Vanellus vanellus,Vanellus vanellus,Kievit,0,0,0,0,0,0,0,1,0,0,0,1,0,0,0,1,Birds
Bufo bufo,Bufo bufo,Gewone pad,0,0,0,0,0,0,0,0,0,0,0,0,1,0,0,0,Herpetofauna
Epidalea calamita,Epidalea calamita,Rugstreeppad,1,0,0,0,0,0,1,0,0,1,0,0,0,0,1,0,Herpetofauna
Hyla arborea,Hyla arborea,Boomkikker,0,0,1,0,0,0,1,0,0,1,0,0,0,0,1,0,Herpetofauna
Lissotriton vulgaris,Lissotriton vulgaris,Kleine watersalamander,0,0,0,0,0,0,0,0,0,0,0,0,1,0,0,0,Herpetofauna
Natrix natrix,Natrix natrix,Ringslang,0,1,0,0,0,0,1,0,0,0,0,0,0,0,1,0,Herpetofauna
Pelobates fuscus,Pelobates fuscus,Knoflookpad,0,0,1,0,0,0,1,0,0,1,0,0,0,0,1,0,Herpetofauna
Pelophylax lessonae,Pelophylax lessonae,Poelkikker,0,0,0,0,0,0,1,0,0,0,0,0,0,0,1,0,Herpetofauna
Rana arvalis,Rana arvalis,Heikikker,0,0,0,0,0,0,1,0,0,1,0,0,0,0,1,0,Herpetofauna
Pelophylax ridibundus,Pelophylax ridibundus,Meerkikker,0,0,0,0,0,0,0,0,0,0,0,0,1,0,0,0,Herpetofauna
Rana temporaria,Rana temporaria,Bruine kikker,0,0,0,0,0,0,0,0,0,0,0,0,1,0,0,0,Herpetofauna
Pelophylax kl. esculentus,Pelophylax kl. esculentus,Bastaardkikker,0,0,0,0,0,0,0,0,0,0,0,0,1,0,0,0,Herpetofauna
Triturus cristatus,Triturus cristatus,Kamsalamander,0,1,0,0,0,1,1,0,0,1,0,0,0,0,1,0,Herpetofauna
Abramis brama,Abramis brama,Brasem,0,0,0,0,0,0,0,0,0,0,0,0,0,0,0,0,Fish
Acipenser sturio,Acipenser sturio,Steur,0,0,0,0,1,1,1,0,0,1,0,1,0,0,1,0,Fish
Alburnoides bipunctatus,Alburnoides bipunctatus,Gestippelde alver,1,0,0,0,0,0,0,0,0,0,0,0,0,0,1,0,Fish
Alburnus alburnus,Alburnus alburnus,Alver,0,0,0,0,0,0,0,0,0,0,0,0,0,0,0,0,Fish
Alosa alosa,Alosa alosa,Elft,0,0,0,0,0,1,0,0,0,0,0,0,0,0,0,0,Fish
Alosa fallax,Alosa fallax,Fint,0,0,0,0,1,1,0,0,0,0,0,0,0,0,0,0,Fish
Anguilla anguilla,Anguilla anguilla,Paling,0,0,0,0,0,0,0,0,0,0,0,0,0,0,0,0,Fish
Barbatula barbatula,Barbatula barbatula,Bermpje ,0,0,0,0,0,0,0,0,0,0,0,0,0,0,0,0,Fish
Barbus barbus,Barbus barbus,Barbeel,0,0,1,0,0,0,0,0,0,0,0,0,0,0,0,0,Fish
Blicca bjoerkna,Blicca bjoerkna,Kolblei,0,0,0,0,0,0,0,0,0,0,0,0,0,0,0,0,Fish
Carassius carassius,Carassius carassius,Kroeskarper,0,1,0,0,0,0,0,0,0,0,0,0,0,0,0,0,Fish
Chelon labrosus,Chelon labrosus,Diklipharder,0,0,0,0,0,0,0,0,0,0,0,0,0,0,0,0,Fish
Chondrostoma nasus,Chondrostoma nasus,Sneep,0,0,1,0,0,0,0,0,0,0,0,0,0,0,0,0,Fish
Cobitis taenia,Cobitis taenia,Kleine modderkruiper,0,0,0,0,0,1,0,0,0,0,0,0,0,1,0,0,Fish
Coregonus oxyrinchus,Coregonus oxyrinchus,Houting,0,0,0,0,0,1,1,0,0,0,0,0,0,0,1,0,Fish
Cottus perifretum,Cottus perifretum,Rivierdonderpad,0,0,0,0,0,1,0,0,0,0,0,0,0,1,0,0,Fish
Esox lucius,Esox lucius,Snoek ,0,0,0,0,0,0,0,0,0,0,0,0,0,0,0,0,Fish
Gasterosteus aculeatus,Gasterosteus aculeatus,Driedoornige stekelbaars,0,0,0,0,0,0,0,0,0,0,0,0,0,0,0,0,Fish
Gobio gobio,Gobio gobio,Riviergrondel ,0,0,0,0,0,0,0,0,0,0,0,0,0,0,0,0,Fish
Gymnocephalus cernuus,Gymnocephalus cernuus,Pos,0,0,0,0,0,0,0,0,0,0,0,0,0,0,0,0,Fish
Lampetra fluviatilis,Lampetra fluviatilis,Rivierprik,0,0,0,0,0,1,0,0,0,0,0,0,0,0,1,0,Fish
Leucaspius delineatus,Leucaspius delineatus,Vetje,0,1,0,0,0,0,0,0,0,0,0,0,0,0,0,0,Fish
Leuciscus idus,Leuciscus idus,Winde,1,0,0,0,0,0,0,0,0,0,0,0,0,0,0,0,Fish
Leuciscus leuciscus,Leuciscus leuciscus,Serpeling,0,1,0,0,0,0,0,0,0,0,0,0,0,0,0,0,Fish
Liza ramada,Liza ramada,Dunlipharder,0,0,0,0,0,0,0,0,0,0,0,0,0,0,0,0,Fish
Lota lota,Lota lota,Kwabaal,0,0,1,0,0,0,0,0,0,0,0,0,0,0,0,0,Fish
Misgurnus fossilis,Misgurnus fossilis,Grote modderkruiper,0,1,0,0,0,1,0,0,0,0,0,0,0,0,1,0,Fish
Osmerus eperlanus,Osmerus eperlanus,Spiering,0,0,0,0,0,0,0,0,0,0,0,0,0,0,0,0,Fish
Perca fluviatilis,Perca fluviatilis,Baars,0,0,0,0,0,0,0,0,0,0,0,0,0,0,0,0,Fish
Petromyzon marinus,Petromyzon marinus,Zeeprik,0,0,0,0,0,1,0,0,0,0,0,0,0,0,0,0,Fish
Platichthys flesus,Platichthys flesus,Bot,0,0,0,0,0,0,0,0,0,0,0,0,0,0,0,0,Fish
Rhodeus amarus,Rhodeus amarus,Bittervoorn,0,1,0,0,0,1,0,0,0,0,0,0,0,0,1,0,Fish
Rutilus rutilus,Rutilus rutilus,Blankvoorn,0,0,0,0,0,0,0,0,0,0,0,0,0,0,0,0,Fish
Salmo salar,Salmo salar,Zalm,0,0,0,0,0,1,0,0,0,0,0,0,0,0,0,0,Fish
Salmo trutta trutta,Salmo trutta trutta,Zeeforel,0,1,0,0,0,0,0,0,0,0,0,0,0,0,0,0,Fish
Scardinius erythrophthalmus,Scardinius erythrophthalmus,Ruisvoorn,0,0,0,0,0,0,0,0,0,0,0,0,0,0,0,0,Fish
Silurus glanis,Silurus glanis,Europese meerval,0,0,0,0,0,0,0,0,0,0,0,0,0,0,0,0,Fish
Squalius cephalus,Squalius cephalus,Kopvoorn,0,1,0,0,0,0,0,0,0,0,0,0,0,0,0,0,Fish
Thymallus thymallus,Thymallus thymallus,Vlagzalm,0,0,0,0,1,1,0,0,0,0,0,0,0,0,0,0,Fish
Tinca tinca,Tinca tinca,Zeelt,0,0,0,0,0,0,0,0,0,0,0,0,0,0,0,0,Fish
Aglais io,Aglais io,Dagpauwoog,0,0,0,0,0,0,0,0,0,0,0,0,0,0,0,0,Butterflies
Aglais urticae,Aglais urticae,Kleine vos ,0,0,0,0,0,0,0,0,0,0,0,0,0,0,0,0,Butterflies
Anthocharis cardamines,Anthocharis cardamines,Oranjetipje ,0,0,0,0,0,0,0,0,0,0,0,0,0,0,0,0,Butterflies
Apatura ilia,Apatura ilia,Kleine weerschijnvlinder,0,0,0,0,0,0,0,0,0,0,0,0,0,0,0,0,Butterflies
Apatura iris,Apatura iris,Grote weerschijnvlinder,0,0,0,1,0,0,0,0,0,0,0,0,0,0,0,0,Butterflies
Aphantopus hyperantus,Aphantopus hyperantus,Koevinkje ,0,0,0,0,0,0,0,0,0,0,0,0,0,0,0,0,Butterflies
Araschnia levana,Araschnia levana,Landkaartje,0,0,0,0,0,0,0,0,0,0,0,0,0,0,0,0,Butterflies
Argynnis paphia,Argynnis paphia,Keizersmantel,0,0,0,0,1,0,0,0,0,0,0,0,0,0,1,0,Butterflies
Aricia agestis,Aricia agestis,Bruin blauwtje,1,0,0,0,0,0,0,0,0,0,0,0,0,0,0,0,Butterflies
Boloria euphrosyne,Boloria euphrosyne,Zilvervlek ,0,0,0,0,1,0,0,0,0,0,0,0,0,0,0,0,Butterflies
Celastrina argiolus,Celastrina argiolus,Boomblauwtje,0,0,0,0,0,0,0,0,0,0,0,0,0,0,0,0,Butterflies
Coenonympha pamphilus,Coenonympha pamphilus,Hooibeestje,0,0,0,0,0,0,0,0,0,0,0,0,0,0,0,0,Butterflies
Colias croceus,Colias croceus,Oranje luzernevlinder ,0,0,0,0,0,0,0,0,0,0,0,0,0,0,0,0,Butterflies
Colias hyale,Colias hyale,Gele luzernevlinder ,0,0,0,0,0,0,0,0,0,0,0,0,0,0,0,0,Butterflies
Cupido minimus,Cupido minimus,Dwergblauwtje,0,0,0,0,1,0,0,0,0,0,0,0,0,0,1,0,Butterflies
Favonius quercus,Favonius quercus,Eikenpage ,0,0,0,0,0,0,0,0,0,0,0,0,0,0,0,0,Butterflies
Gonepteryx rhamni,Gonepteryx rhamni,Citroenvlinder ,0,0,0,0,0,0,0,0,0,0,0,0,0,0,0,0,Butterflies
Issoria lathonia,Issoria lathonia,Kleine parelmoervlinder,0,1,0,0,0,0,0,0,0,0,0,0,0,0,0,0,Butterflies
Lasiommata megera,Lasiommata megera,Argusvlinder ,0,0,0,0,0,0,0,0,0,0,0,0,0,0,0,0,Butterflies
Leptidea sinapis,Leptidea sinapis,Boswitje ,1,0,0,0,0,0,0,0,0,0,0,0,0,0,0,0,Butterflies
Lycaena phlaeas,Lycaena phlaeas,Kleine vuurvlinder ,0,0,0,0,0,0,0,0,0,0,0,0,0,0,0,0,Butterflies
Maniola jurtina,Maniola jurtina,Bruin zandoogje ,0,0,0,0,0,0,0,0,0,0,0,0,0,0,0,0,Butterflies
Melitaea cinxia,Melitaea cinxia,Veldparelmoervlinder,0,0,0,0,1,0,0,0,0,0,0,0,0,0,1,0,Butterflies
Nymphalis antiopa,Nymphalis antiopa,Rouwmantel,0,0,0,0,1,0,0,0,0,0,0,0,0,0,1,0,Butterflies
Nymphalis polychloros,Nymphalis polychloros,Grote vos,0,0,0,1,0,0,0,0,0,0,0,0,0,0,0,0,Butterflies
Ochlodes sylvanus,Ochlodes sylvanus,Groot dikkopje ,0,0,0,0,0,0,0,0,0,0,0,0,0,0,0,0,Butterflies
Papilio machaon,Papilio machaon,Koninginnepage,0,0,0,0,0,0,0,0,0,0,0,0,0,0,0,0,Butterflies
Pararge aegeria,Pararge aegeria,Bont zandoogje ,0,0,0,0,0,0,0,0,0,0,0,0,0,0,0,0,Butterflies
Phengaris nausithous,Phengaris nausithous,Donker pimpernelblauwtje,0,0,0,1,0,1,1,0,0,1,0,0,0,0,1,0,Butterflies
Phengaris teleius,Phengaris teleius,Pimpernelblauwtje,0,0,0,1,0,1,1,0,0,1,0,0,0,0,1,0,Butterflies
Pieris brassicae,Pieris brassicae,Groot koolwitje ,0,0,0,0,0,0,0,0,0,0,0,0,0,0,0,0,Butterflies
Pieris napi,Pieris napi,Klein geaderd witje ,0,0,0,0,0,0,0,0,0,0,0,0,0,0,0,0,Butterflies
Pieris rapae,Pieris rapae,Klein koolwitje ,0,0,0,0,0,0,0,0,0,0,0,0,0,0,0,0,Butterflies
Polygonia c-album,Polygonia c-album,Gehakkelde aurelia ,0,0,0,0,0,0,0,0,0,0,0,0,0,0,0,0,Butterflies
Polyommatus coridon,Polyommatus coridon,Bleek blauwtje ,0,0,0,0,0,0,0,0,0,0,0,0,0,0,0,0,Butterflies
Polyommatus icarus,Polyommatus icarus,Icarusblauwtje ,0,0,0,0,0,0,0,0,0,0,0,0,0,0,0,0,Butterflies
Pyronia tithonus,Pyronia tithonus,Oranje zandoogje ,0,0,0,0,0,0,0,0,0,0,0,0,0,0,0,0,Butterflies
Thecla betulae,Thecla betulae,Sleedoornpage,0,0,1,0,0,0,0,0,0,0,0,0,0,0,0,0,Butterflies
Thymelicus lineola,Thymelicus lineola,Zwartsprietdikkopje ,0,0,0,0,0,0,0,0,0,0,0,0,0,0,0,0,Butterflies
Thymelicus sylvestris,Thymelicus sylvestris,Geelsprietdikkopje ,0,0,0,0,0,0,0,0,0,0,0,0,0,0,0,0,Butterflies
Vanessa atalanta,Vanessa atalanta,Atalanta ,0,0,0,0,0,0,0,0,0,0,0,0,0,0,0,0,Butterflies
Vanessa cardui,Vanessa cardui,Distelvlinder ,0,0,0,0,0,0,0,0,0,0,0,0,0,0,0,0,Butterflies
Aeshna affinis,Aeshna affinis,Zuidelijke glazenmaker,0,0,0,0,0,0,0,0,0,0,0,0,0,0,0,0,DragonDamselflies
Aeshna cyanea,Aeshna cyanea,Blauwe glazenmaker,0,0,0,0,0,0,0,0,0,0,0,0,0,0,0,0,DragonDamselflies
Aeshna grandis,Aeshna grandis,Bruine glazenmaker,0,0,0,0,0,0,0,0,0,0,0,0,0,0,0,0,DragonDamselflies
Aeshna isoceles,Aeshna isoceles,Vroege glazenmaker,0,0,0,0,0,0,0,0,0,0,0,0,0,0,0,0,DragonDamselflies
Aeshna mixta,Aeshna mixta,Paardenbijter,0,0,0,0,0,0,0,0,0,0,0,0,0,0,0,0,DragonDamselflies
Aeshna viridis,Aeshna viridis,Groene glazenmaker,0,1,0,0,0,0,1,0,0,1,0,0,0,0,1,0,DragonDamselflies
Anax imperator,Anax imperator,Grote keizerlibel,0,0,0,0,0,0,0,0,0,0,0,0,0,0,0,0,DragonDamselflies
Anax parthenope,Anax parthenope,Zuidelijke keizerlibel,0,0,0,0,0,0,0,0,0,0,0,0,0,0,0,0,DragonDamselflies
Brachytron pratense,Brachytron pratense,Glassnijder,0,0,0,0,0,0,0,0,0,0,0,0,0,0,0,0,DragonDamselflies
Calopteryx splendens,Calopteryx splendens,Weidebeekjuffer,0,0,0,0,0,0,0,0,0,0,0,0,0,0,0,0,DragonDamselflies
Chalcolestes viridis,Chalcolestes viridis,Houtpantserjuffer,0,0,0,0,0,0,0,0,0,0,0,0,0,0,0,0,DragonDamselflies
Coenagrion lunulatum,Coenagrion lunulatum,Maanwaterjuffer,0,1,0,0,0,0,0,0,0,0,0,0,0,0,0,0,DragonDamselflies
Coenagrion puella,Coenagrion puella,Azuurwaterjuffer,0,0,0,0,0,0,0,0,0,0,0,0,0,0,0,0,DragonDamselflies
Coenagrion pulchellum,Coenagrion pulchellum,Variabele waterjuffer,0,0,0,0,0,0,0,0,0,0,0,0,0,0,0,0,DragonDamselflies
Cordulia aenea,Cordulia aenea,Smaragdlibel,0,0,0,0,0,0,0,0,0,0,0,0,0,0,0,0,DragonDamselflies
Crocothemis erythraea,Crocothemis erythraea,Vuurlibel,0,0,0,0,0,0,0,0,0,0,0,0,0,0,0,0,DragonDamselflies
Enallagma cyathigerum,Enallagma cyathigerum,Watersnuffel,0,0,0,0,0,0,0,0,0,0,0,0,0,0,0,0,DragonDamselflies
Erythromma lindenii,Erythromma lindenii,Kanaaljuffer,0,0,0,0,0,0,0,0,0,0,0,0,0,0,0,0,DragonDamselflies
Erythromma najas,Erythromma najas,Grote roodoogjuffer,0,0,0,0,0,0,0,0,0,0,0,0,0,0,0,0,DragonDamselflies
Erythromma viridulum,Erythromma viridulum,Kleine roodoogjuffer ,0,0,0,0,0,0,0,0,0,0,0,0,0,0,0,0,DragonDamselflies
Gomphus flavipes,Gomphus flavipes,Rivierrombout,0,0,0,0,1,0,1,0,0,1,0,0,0,0,1,0,DragonDamselflies
Gomphus pulchellus,Gomphus pulchellus,Plasrombout,0,0,0,0,0,0,0,0,0,0,0,0,0,0,0,0,DragonDamselflies
Gomphus vulgatissimus,Gomphus vulgatissimus,Beekrombout,0,0,1,0,0,0,0,0,0,0,0,0,0,0,0,0,DragonDamselflies
Ischnura elegans,Ischnura elegans,Lantaarntje,0,0,0,0,0,0,0,0,0,0,0,0,0,0,0,0,DragonDamselflies
Ischnura pumilio,Ischnura pumilio,Tengere grasjuffer,0,0,0,0,0,0,0,0,0,0,0,0,0,0,0,0,DragonDamselflies
Lestes barbarus,Lestes barbarus,Zwervende pantserjuffer,0,0,0,0,0,0,0,0,0,0,0,0,0,0,0,0,DragonDamselflies
Lestes dryas,Lestes dryas,Tangpantserjuffer,0,0,0,0,0,0,0,0,0,0,0,0,0,0,0,0,DragonDamselflies
Lestes sponsa,Lestes sponsa,Gewone pantserjuffer,0,0,0,0,0,0,0,0,0,0,0,0,0,0,0,0,DragonDamselflies
Lestes virens,Lestes virens,Tengere pantserjuffer,0,0,0,0,0,0,0,0,0,0,0,0,0,0,0,0,DragonDamselflies
Leucorrhinia caudalis,Leucorrhinia caudalis,Sierlijke witsnuitlibel,0,0,0,0,0,0,1,0,0,1,0,0,0,0,1,0,DragonDamselflies
Libellula depressa,Libellula depressa,Platbuik,0,0,0,0,0,0,0,0,0,0,0,0,0,0,0,0,DragonDamselflies
Libellula fulva,Libellula fulva,Bruine korenbout,0,0,0,0,0,0,0,0,0,0,0,0,0,0,0,0,DragonDamselflies
Libellula quadrimaculata,Libellula quadrimaculata,Viervlek,0,0,0,0,0,0,0,0,0,0,0,0,0,0,0,0,DragonDamselflies
Onychogomphus forcipatus,Onychogomphus forcipatus,Kleine tanglibel,1,0,0,0,0,0,0,0,0,0,0,0,0,0,0,0,DragonDamselflies
Ophiogomphus cecilia,Ophiogomphus cecilia,Gaffellibel,0,0,1,0,0,1,1,0,0,1,0,0,0,0,1,0,DragonDamselflies
Orthetrum cancellatum,Orthetrum cancellatum,Gewone oeverlibel,0,0,0,0,0,0,0,0,0,0,0,0,0,0,0,0,DragonDamselflies
Oxygastra curtisii,Oxygastra curtisii,Bronslibel,0,0,0,0,1,1,1,0,0,1,0,0,0,0,0,0,DragonDamselflies
Platycnemis pennipes,Platycnemis pennipes,Blauwe breedscheenjuffer,0,0,0,0,0,0,0,0,0,0,0,0,0,0,0,0,DragonDamselflies
Pyrrhosoma nymphula,Pyrrhosoma nymphula,Vuurjuffer ,0,0,0,0,0,0,0,0,0,0,0,0,0,0,0,0,DragonDamselflies
Somatochlora metallica,Somatochlora metallica,Metaalglanslibel,0,0,0,0,0,0,0,0,0,0,0,0,0,0,0,0,DragonDamselflies
Sympecma fusca,Sympecma fusca,Bruine winterjuffer,0,0,0,0,0,0,0,0,0,0,0,0,0,0,0,0,DragonDamselflies
Sympetrum danae,Sympetrum danae,Zwarte heidelibel,0,0,0,0,0,0,0,0,0,0,0,0,0,0,0,0,DragonDamselflies
Sympetrum flaveolum,Sympetrum flaveolum,Geelvlekheidelibel,0,0,0,0,0,0,0,0,0,0,0,0,0,0,0,0,DragonDamselflies
Sympetrum fonscolombii,Sympetrum fonscolombii,Zwervende heidelibel,0,0,0,0,0,0,0,0,0,0,0,0,0,0,0,0,DragonDamselflies
Sympetrum pedemontanum,Sympetrum pedemontanum,Bandheidelibel,0,0,0,0,0,0,0,0,0,0,0,0,0,0,0,0,DragonDamselflies
Sympetrum sanguineum,Sympetrum sanguineum,Bloedrode heidelibel,0,0,0,0,0,0,0,0,0,0,0,0,0,0,0,0,DragonDamselflies
Sympetrum striolatum,Sympetrum striolatum,Bruinrode heidelibel,0,0,0,0,0,0,0,0,0,0,0,0,0,0,0,0,DragonDamselflies
Sympetrum vulgatum,Sympetrum vulgatum,Steenrode heidelibel,0,0,0,0,0,0,0,0,0,0,0,0,0,0,0,0,DragonDamselflies
Acer negundo,Acer negundo,Vederesdoorn ,0,0,0,0,0,0,0,0,0,0,0,0,0,0,0,0,HigherPlants
Achillea millefolium,Achillea millefolium,Duizendblad,0,0,0,0,0,0,0,0,0,0,0,0,0,0,0,0,HigherPlants
Acorus calamus,Acorus calamus,Kalmoes,0,0,0,0,0,0,0,0,0,0,0,0,0,0,0,0,HigherPlants
Adonis vernalis,Adonis vernalis,Voorjaarsadonis,0,0,0,0,0,0,0,0,0,0,0,0,0,0,0,0,HigherPlants
Adoxa moschatellina,Adoxa moschatellina,Muskuskruid,0,0,0,0,0,0,0,0,0,0,0,0,0,0,0,0,HigherPlants
Agrimonia eupatoria,Agrimonia eupatoria,Gewone agrimonie,1,0,0,0,0,0,0,0,0,0,0,0,0,0,0,0,HigherPlants
Agrimonia procera,Agrimonia procera,Welriekende agrimonie,0,1,0,0,0,0,0,0,0,0,0,0,0,0,0,0,HigherPlants
Agrostemma githago,Agrostemma githago,Bolderik,0,1,0,0,0,0,0,0,0,0,0,0,0,0,0,0,HigherPlants
Ajuga reptans,Ajuga reptans,Kruipend zenegroen,0,0,0,0,0,0,0,0,0,0,0,0,0,0,0,0,HigherPlants
Alchemilla glabra,Alchemilla glabra,Kale vrouwenmantel,0,0,1,0,0,0,0,0,0,0,0,0,0,0,0,0,HigherPlants
Alisma plantago-aquatica,Alisma plantago-aquatica,Grote waterweegbree,0,0,0,0,0,0,0,0,0,0,0,0,0,0,0,0,HigherPlants
Alliaria petiolata,Alliaria petiolata,Look-zonder-look,0,0,0,0,0,0,0,0,0,0,0,0,0,0,0,0,HigherPlants
Allium oleraceum,Allium oleraceum,Moeslook,0,1,0,0,0,0,0,0,0,0,0,0,0,0,0,0,HigherPlants
Allium schoenoprasum,Allium schoenoprasum,Bieslook,0,0,0,0,0,0,0,0,0,0,0,0,0,0,0,0,HigherPlants
Allium scorodoprasum,Allium scorodoprasum,Slangenlook,0,0,0,0,0,0,0,0,0,0,0,0,0,0,0,0,HigherPlants
Allium ursinum,Allium ursinum,Daslook,0,0,0,0,0,0,0,0,0,0,0,0,0,1,0,0,HigherPlants
Alnus glutinosa,Alnus glutinosa,Zwarte els,0,0,0,0,0,0,0,0,0,0,0,0,0,0,0,0,HigherPlants
Alnus incana,Alnus incana,Witte els,0,0,0,0,0,0,0,0,0,0,0,0,0,0,0,0,HigherPlants
Alopecurus geniculatus,Alopecurus geniculatus,Geknikte vossenstaart,0,0,0,0,0,0,0,0,0,0,0,0,0,0,0,0,HigherPlants
Alopecurus pratensis,Alopecurus pratensis,Grote vossenstaart,0,0,0,0,0,0,0,0,0,0,0,0,0,0,0,0,HigherPlants
Althaea officinalis,Althaea officinalis,Heemst,0,1,0,0,0,0,0,0,0,0,0,0,0,0,0,0,HigherPlants
Alyssum alyssoides,Alyssum alyssoides,Bleek schildzaad,0,0,0,1,0,0,0,0,0,0,0,0,0,0,0,0,HigherPlants
Amaranthus blitoides,Amaranthus blitoides,Nerfamarant ,0,0,0,0,0,0,0,0,0,0,0,0,0,0,0,0,HigherPlants
Amaranthus blitum,Amaranthus blitum,Kleine majer,0,0,0,0,0,0,0,0,0,0,0,0,0,0,0,0,HigherPlants
Anacamptis pyramidalis,Anacamptis pyramidalis,Hondskruid,0,0,0,0,0,0,0,0,0,0,0,0,0,1,0,0,HigherPlants
Anagallis arvensis subsp. foemina,Anagallis arvensis subsp. foemina,Blauw guichelheil,0,0,1,0,0,0,0,0,0,0,0,0,0,0,0,0,HigherPlants
Anagallis tenella,Anagallis tenella,Teer guichelheil,0,0,0,0,0,0,0,0,0,0,0,0,0,0,0,0,HigherPlants
Anchusa officinalis,Anchusa officinalis,Gewone Ossentong,0,0,0,0,0,0,0,0,0,0,0,0,0,0,0,0,HigherPlants
Andromeda polifolia,Andromeda polifolia,Lavendelhei,0,1,0,0,0,0,0,0,0,0,0,0,0,0,0,0,HigherPlants
Anemone nemorosa,Anemone nemorosa,Bosanemoon,0,0,0,0,0,0,0,0,0,0,0,0,0,0,0,0,HigherPlants
Angelica sylvestris,Angelica sylvestris,Engelwortel,0,0,0,0,0,0,0,0,0,0,0,0,0,0,0,0,HigherPlants
Anthemis arvensis,Anthemis arvensis,Valse kamille,0,1,0,0,0,0,0,0,0,0,0,0,0,0,0,0,HigherPlants
Anthemis cotula,Anthemis cotula,Stinkende kamille,0,0,1,0,0,0,0,0,0,0,0,0,0,0,0,0,HigherPlants
Anthemis tinctoria,Anthemis tinctoria,Gele kamille,0,0,0,0,0,0,0,0,0,0,0,0,0,0,0,0,HigherPlants
Anthoxanthum aristatum,Anthoxanthum aristatum,Slofhak,0,1,0,0,0,0,0,0,0,0,0,0,0,0,0,0,HigherPlants
Anthoxanthum odoratum,Anthoxanthum odoratum,Gewoon reukgras,0,0,0,0,0,0,0,0,0,0,0,0,0,0,0,0,HigherPlants
Anthriscus sylvestris,Anthriscus sylvestris,Fluitenkruid,0,0,0,0,0,0,0,0,0,0,0,0,0,0,0,0,HigherPlants
Anthyllis vulneraria,Anthyllis vulneraria,Wondklaver,0,0,0,0,0,0,0,0,0,0,0,0,0,0,0,0,HigherPlants
Aphanes arvensis,Aphanes arvensis,Grote leeuwenklauw,0,0,0,0,0,0,0,0,0,0,0,0,0,0,0,0,HigherPlants
Apium graveolens,Apium graveolens,Selderij,0,1,0,0,0,0,0,0,0,0,0,0,0,0,0,0,HigherPlants
Apium inundatum,Apium inundatum,Ondergedoken moerasscherm ,0,0,1,0,0,0,0,0,0,0,0,0,0,0,0,0,HigherPlants
Arabidopsis arenosa ,Arabidopsis arenosa ,Zandscheefkelk,0,0,0,0,0,0,0,0,0,0,0,0,0,0,0,0,HigherPlants
Arabidopsis thaliana,Arabidopsis thaliana,Zandraket,0,0,0,0,0,0,0,0,0,0,0,0,0,0,0,0,HigherPlants
Arabis arenosa,Arabis arenosa,Rozetsteenkers,0,0,0,0,0,0,0,0,0,0,0,0,0,0,0,0,HigherPlants
Arabis glabra,Arabis glabra,Torenkruid,0,1,0,0,0,0,0,0,0,0,0,0,0,0,0,0,HigherPlants
Arabis hirsuta subsp. hirsuta,Arabis hirsuta subsp. hirsuta,Ruige scheefkelk,0,0,0,0,0,0,0,0,0,0,0,0,0,0,0,0,HigherPlants
Arabis hirsuta subsp. sagittata,Arabis hirsuta subsp. sagittata,Pijlscheefkelk,1,0,0,0,0,0,0,0,0,0,0,0,0,1,0,0,HigherPlants
Arctium tomentosum,Arctium tomentosum,Donzige klit ,0,0,0,0,0,0,0,0,0,0,0,0,0,0,0,0,HigherPlants
Aristolochia clematitis,Aristolochia clematitis,Pijpbloem,0,0,0,0,0,0,0,0,0,0,0,0,0,0,0,0,HigherPlants
Armeria maritima,Armeria maritima,Engels gras,0,1,0,0,0,0,0,0,0,0,0,0,0,0,0,0,HigherPlants
Armoracia rusticana,Armoracia rusticana,Mierik,0,0,0,0,0,0,0,0,0,0,0,0,0,0,0,0,HigherPlants
Arnica montana,Arnica montana,Valkruid,0,0,1,0,0,0,0,0,0,0,0,0,0,1,0,0,HigherPlants
Arnoseris minima,Arnoseris minima,Korensla,0,0,0,1,0,0,0,0,0,0,0,0,0,0,0,0,HigherPlants
Artemisia absinthium,Artemisia absinthium,Absintalsem,0,1,0,0,0,0,0,0,0,0,0,0,0,0,0,0,HigherPlants
Artemisia campestris subsp. campestris,Artemisia campestris subsp. campestris,Wilde averuit,0,0,0,1,0,0,0,0,0,0,0,0,0,0,0,0,HigherPlants
Artemisia vulgaris,Artemisia vulgaris,Bijvoet,0,0,0,0,0,0,0,0,0,0,0,0,0,0,0,0,HigherPlants
Asperugo procumbens,Asperugo procumbens,Scherpkruid,0,0,0,1,0,0,0,0,0,0,0,0,0,0,0,0,HigherPlants
Asplenium adiantum-nigrum,Asplenium adiantum-nigrum,Zwartsteel,0,0,0,0,0,0,0,0,0,0,0,0,0,1,0,0,HigherPlants
Asplenium scolopendrium,Asplenium scolopendrium,Tongvaren,0,0,0,0,0,0,0,0,0,0,0,0,0,1,0,0,HigherPlants
Asplenium trichomanes,Asplenium trichomanes,Steenbreekvaren,0,0,0,0,0,0,0,0,0,0,0,0,0,1,0,0,HigherPlants
Aster lanceolatus,Aster lanceolatus,Smalle aster,0,0,0,0,0,0,0,0,0,0,0,0,0,0,0,0,HigherPlants
Aster tradescantii,Aster tradescantii,Kleine aster,0,0,0,0,0,0,0,0,0,0,0,0,0,0,0,0,HigherPlants
Astragalus glycyphyllos,Astragalus glycyphyllos,Hokjespeul,0,0,0,0,0,0,0,0,0,0,0,0,0,0,0,0,HigherPlants
Athyrium filix-femina,Athyrium filix-femina,Wijfjesvaren,0,0,0,0,0,0,0,0,0,0,0,0,0,0,0,0,HigherPlants
Atropa bella-donna,Atropa bella-donna,Wolfskers,0,0,1,0,0,0,0,0,0,0,0,0,0,0,0,0,HigherPlants
Azolla cristata,Azolla cristata,Kleine kroosvaren,0,0,0,0,1,0,0,0,0,0,0,0,0,0,0,0,HigherPlants
Baldellia ranunculoides subsp. ranunculoides,Baldellia ranunculoides subsp. ranunculoides,Stijve moerasweegbree,0,0,1,0,0,0,0,0,0,0,0,0,0,0,0,0,HigherPlants
Baldellia ranunculoides subsp. repens ,Baldellia ranunculoides subsp. repens ,Kruipende moerasweegbree,0,1,0,0,0,0,0,0,0,0,0,0,0,0,0,0,HigherPlants
Ballota nigra subsp. foetida,Ballota nigra subsp. foetida,Stinkende ballote ,0,0,0,0,0,0,0,0,0,0,0,0,0,0,0,0,HigherPlants
Barbarea intermedia,Barbarea intermedia,Bitter barbarakruid,0,0,0,0,0,0,0,0,0,0,0,0,0,0,0,0,HigherPlants
Berteroa incana,Berteroa incana,Grijskruid,0,0,0,0,0,0,0,0,0,0,0,0,0,0,0,0,HigherPlants
Bidens radiata,Bidens radiata,Riviertandzaad,0,0,0,0,0,0,0,0,0,0,0,0,0,0,0,0,HigherPlants
Bidens tripartita,Bidens tripartita,Veerdelig tandzaad,0,0,0,0,0,0,0,0,0,0,0,0,0,0,0,0,HigherPlants
Blechnum spicant,Blechnum spicant,Dubbelloof,1,0,0,0,0,0,0,0,0,0,0,0,0,0,0,0,HigherPlants
Bolboschoenus maritimus,Bolboschoenus maritimus,Heen,0,0,0,0,0,0,0,0,0,0,0,0,0,0,0,0,HigherPlants
Brachypodium sylvaticum,Brachypodium sylvaticum,Boskortsteel,0,0,0,0,0,0,0,0,0,0,0,0,0,0,0,0,HigherPlants
Briza media,Briza media,Bevertjes,0,1,0,0,0,0,0,0,0,0,0,0,0,0,0,0,HigherPlants
Bromopsis erecta,Bromopsis erecta,Bergdravik,0,1,0,0,0,0,0,0,0,0,0,0,0,0,0,0,HigherPlants
Bromopsis inermis subsp. inermis,Bromopsis inermis subsp. inermis,Kweekdravik,0,0,0,0,0,0,0,0,0,0,0,0,0,0,0,0,HigherPlants
Bromus racemosus,Bromus racemosus,Trosdravik,0,1,0,0,0,0,0,0,0,0,0,0,0,0,0,0,HigherPlants
Bromus secalinus,Bromus secalinus,Dreps,0,0,1,0,0,0,0,0,0,0,0,0,0,0,0,0,HigherPlants
Buddleja davidii,Buddleja davidii,Vlinderstruik,0,0,0,0,0,0,0,0,0,0,0,0,0,0,0,0,HigherPlants
Bunias orientalis,Bunias orientalis,Grote hardvrucht,0,0,0,0,0,0,0,0,0,0,0,0,0,0,0,0,HigherPlants
Butomus umbellatus,Butomus umbellatus,Zwanenbloem,0,0,0,0,0,0,0,0,0,0,0,0,1,0,0,0,HigherPlants
Calamagrostis pseudophragmites,Calamagrostis pseudophragmites,Rivierstruisriet,0,0,0,0,1,0,0,0,0,0,0,0,0,0,0,0,HigherPlants
Calepina irregularis,Calepina irregularis,Kalkraket,1,0,0,0,0,0,0,0,0,0,0,0,0,0,0,0,HigherPlants
Callitriche cophocarpa,Callitriche cophocarpa,Gekield sterrenkroos,0,0,0,0,1,0,0,0,0,0,0,0,0,0,0,0,HigherPlants
Callitriche palustris,Callitriche palustris,Klein sterrenkroos,1,0,0,0,0,0,0,0,0,0,0,0,0,0,0,0,HigherPlants
Callitriche stagnalis,Callitriche stagnalis,Moerassterrekroos,0,0,0,0,0,0,0,0,0,0,0,0,0,0,0,0,HigherPlants
Caltha palustris,Caltha palustris,Dotterbloem,0,0,0,0,0,0,0,0,0,0,0,0,1,0,0,0,HigherPlants
Caltha palustris subsp. araneosa,Caltha palustris subsp. araneosa,Spindotterbloem,0,1,0,0,0,0,0,0,0,0,0,0,0,0,0,0,HigherPlants
Calystegia sepium,Calystegia sepium,Haagwinde,0,0,0,0,0,0,0,0,0,0,0,0,0,0,0,0,HigherPlants
Camelina sativa subsp. alyssum,Camelina sativa subsp. alyssum,Huttentut,0,0,0,0,1,0,0,0,0,0,0,0,0,0,0,0,HigherPlants
Campanula glomerata,Campanula glomerata,Kluwenklokje,0,0,0,1,0,0,0,0,0,0,0,0,0,1,0,0,HigherPlants
Campanula latifolia,Campanula latifolia,Breed klokje ,0,0,0,0,0,0,0,0,0,0,0,0,1,0,0,0,HigherPlants
Campanula patula,Campanula patula,Weideklokje,1,0,0,0,0,0,0,0,0,0,0,0,0,1,0,0,HigherPlants
Campanula persicifolia,Campanula persicifolia,Prachtklokje,0,0,0,0,0,0,0,0,0,0,0,0,0,1,0,0,HigherPlants
Campanula rapunculoides,Campanula rapunculoides,Akkerklokje,0,0,0,0,0,0,0,0,0,0,0,0,1,0,0,0,HigherPlants
Campanula rapunculus,Campanula rapunculus,Rapunzelklokje,0,1,0,0,0,0,0,0,0,0,0,0,0,1,0,0,HigherPlants
Campanula rotundifolia,Campanula rotundifolia,Grasklokje,0,0,0,0,0,0,0,0,0,0,0,0,1,0,0,0,HigherPlants
Campanula trachelium,Campanula trachelium,Ruig klokje ,0,0,0,0,0,0,0,0,0,0,0,0,0,1,0,0,HigherPlants
Capsella bursa-pastoris,Capsella bursa-pastoris,Herderstasje,0,0,0,0,0,0,0,0,0,0,0,0,0,0,0,0,HigherPlants
Cardamine amara,Cardamine amara,Bittere veldkers,0,0,0,0,0,0,0,0,0,0,0,0,0,0,0,0,HigherPlants
Cardamine impatiens,Cardamine impatiens,Springzaadveldkers,0,0,0,0,0,0,0,0,0,0,0,0,0,0,0,0,HigherPlants
Cardamine pratensis,Cardamine pratensis,Pinksterbloem,0,0,0,0,0,0,0,0,0,0,0,0,0,0,0,0,HigherPlants
Carduus acanthoides,Carduus acanthoides,Langstekelige distel,1,0,0,0,0,0,0,0,0,0,0,0,0,0,0,0,HigherPlants
Carduus nutans,Carduus nutans,Knikkende distel,0,0,0,0,0,0,0,0,0,0,0,0,0,0,0,0,HigherPlants
Carex acuta,Carex acuta,Scherpe zegge ,0,0,0,0,0,0,0,0,0,0,0,0,0,0,0,0,HigherPlants
Carex appropinquata,Carex appropinquata,Paardenhaarzegge,0,1,0,0,0,0,0,0,0,0,0,0,0,0,0,0,HigherPlants
Carex caryophyllea,Carex caryophyllea,Voorjaarszegge,0,1,0,0,0,0,0,0,0,0,0,0,0,0,0,0,HigherPlants
Carex diandra,Carex diandra,Ronde zegge,0,0,1,0,0,0,0,0,0,0,0,0,0,0,0,0,HigherPlants
Carex digitata,Carex digitata,Vingerzegge,0,0,1,0,0,0,0,0,0,0,0,0,0,0,0,0,HigherPlants
Carex divulsa,Carex divulsa,Groene bermzegge,0,0,0,0,0,0,0,0,0,0,0,0,0,0,0,0,HigherPlants
Carex flava,Carex flava,Gele zegge ,0,1,0,0,0,0,0,0,0,0,0,0,0,0,0,0,HigherPlants
Carex hirta,Carex hirta,Ruige zegge,0,0,0,0,0,0,0,0,0,0,0,0,0,0,0,0,HigherPlants
Carex hostiana,Carex hostiana,Blonde zegge,0,0,1,0,0,0,0,0,0,0,0,0,0,0,0,0,HigherPlants
Carex laevigata,Carex laevigata,Gladde zegge,1,0,0,0,0,0,0,0,0,0,0,0,0,0,0,0,HigherPlants
Carex lasiocarpa,Carex lasiocarpa,Draadzegge,0,1,0,0,0,0,0,0,0,0,0,0,0,0,0,0,HigherPlants
Carex lepidocarpa,Carex lepidocarpa,Schubzegge,1,0,0,0,0,0,0,0,0,0,0,0,0,0,0,0,HigherPlants
Carex muricata,Carex muricata,Dichte bermzegge ,0,0,0,0,0,0,0,0,0,0,0,0,0,0,0,0,HigherPlants
Carex otrubae,Carex otrubae,Valse voszegge,0,0,0,0,0,0,0,0,0,0,0,0,0,0,0,0,HigherPlants
Carex pallescens,Carex pallescens,Bleke zegge ,0,1,0,0,0,0,0,0,0,0,0,0,0,0,0,0,HigherPlants
Carex pendula,Carex pendula,Hangende zegge ,0,0,0,0,0,0,0,0,0,0,0,0,0,0,0,0,HigherPlants
Carex praecox,Carex praecox,Vroege zegge,1,0,0,0,0,0,0,0,0,0,0,0,0,0,0,0,HigherPlants
Carex pulicaris,Carex pulicaris,Vlozegge,0,0,1,0,0,0,0,0,0,0,0,0,0,0,0,0,HigherPlants
Carex remota,Carex remota,Wijdaardzegge,0,0,0,0,0,0,0,0,0,0,0,0,0,0,0,0,HigherPlants
Carex rostrata,Carex rostrata,Snavelzegge,0,0,0,0,0,0,0,0,0,0,0,0,0,0,0,0,HigherPlants
Carex strigosa,Carex strigosa,Slanke zegge,1,0,0,0,0,0,0,0,0,0,0,0,0,0,0,0,HigherPlants
Carex vulpina,Carex vulpina,Voszegge,0,0,0,0,0,0,0,0,0,0,0,0,0,0,0,0,HigherPlants
Carlina vulgaris,Carlina vulgaris,Driedistel ,0,0,1,0,0,0,0,0,0,0,0,0,0,0,0,0,HigherPlants
Carum carvi,Carum carvi,Echte karwij,0,0,1,0,0,0,0,0,0,0,0,0,0,0,0,0,HigherPlants
Catapodium rigidum,Catapodium rigidum,Stijf hardgras,0,0,0,0,0,0,0,0,0,0,0,0,0,1,0,0,HigherPlants
Centaurea calcitrapa,Centaurea calcitrapa,Kalketrip,0,0,0,1,0,0,0,0,0,0,0,0,0,0,0,0,HigherPlants
Centaurea cyanus,Centaurea cyanus,Korenbloem,1,0,0,0,0,0,0,0,0,0,0,0,0,0,0,0,HigherPlants
Centaurea scabiosa,Centaurea scabiosa,Grote centaurie,0,0,0,0,0,0,0,0,0,0,0,0,0,0,0,0,HigherPlants
Centaurium erythraea,Centaurium erythraea,Echt duizendguldenkruid,0,0,0,0,0,0,0,0,0,0,0,0,0,0,0,0,HigherPlants
Centaurium pulchellum,Centaurium pulchellum,Fraai duizendguldenkruid,0,0,0,0,0,0,0,0,0,0,0,0,0,0,0,0,HigherPlants
Centunculus minimus ,Centunculus minimus ,Dwergbloem,0,0,1,0,0,0,0,0,0,0,0,0,0,0,0,0,HigherPlants
Cerastium fontanum subsp. holosteoides,Cerastium fontanum subsp. holosteoides,Glanzige hoornbloem,0,1,0,0,0,0,0,0,0,0,0,0,0,0,0,0,HigherPlants
Cerastium fontanum subsp. vulgare,Cerastium fontanum subsp. vulgare,Gewone hoornbloem,0,0,0,0,0,0,0,0,0,0,0,0,0,0,0,0,HigherPlants
Cerastium semidecandrum,Cerastium semidecandrum,Zandhoornbloem,0,0,0,0,0,0,0,0,0,0,0,0,0,0,0,0,HigherPlants
Ceratophyllum demersum,Ceratophyllum demersum,Grof hoornblad ,0,0,0,0,0,0,0,0,0,0,0,0,0,0,0,0,HigherPlants
Ceterach officinarum,Ceterach officinarum,Schubvaren,1,0,0,0,0,0,0,0,0,0,0,0,0,0,0,0,HigherPlants
Chaerophyllum bulbosum,Chaerophyllum bulbosum,Knolribzaad,0,0,0,0,0,0,0,0,0,0,0,0,0,0,0,0,HigherPlants
Chenopodium album,Chenopodium album,Melganzenvoet ,0,0,0,0,0,0,0,0,0,0,0,0,0,0,0,0,HigherPlants
Chenopodium ambrosioides,Chenopodium ambrosioides,Welriekende ganzevoet ,0,0,0,0,0,0,0,0,0,0,0,0,0,0,0,0,HigherPlants
Chenopodium bonus-henricus,Chenopodium bonus-henricus,Brave hendrik,0,0,0,1,0,0,0,0,0,0,0,0,0,0,0,0,HigherPlants
Chenopodium hybridum,Chenopodium hybridum,Esdoornganzevoet,0,0,0,0,0,0,0,0,0,0,0,0,0,0,0,0,HigherPlants
Chenopodium pumilio,Chenopodium pumilio,Liggende ganzenvoet,0,0,0,0,0,0,0,0,0,0,0,0,0,0,0,0,HigherPlants
Chondrilla juncea,Chondrilla juncea,Knikbloem,0,1,0,0,0,0,0,0,0,0,0,0,0,0,0,0,HigherPlants
Chrysosplenium oppositifolium,Chrysosplenium oppositifolium,Paarbladig goudveil,0,0,0,0,0,0,0,0,0,0,0,0,0,0,0,0,HigherPlants
Cicendia filiformis,Cicendia filiformis,Draadgentiaan,0,0,1,0,0,0,0,0,0,0,0,0,0,0,0,0,HigherPlants
Cirsium arvense,Cirsium arvense,Akkerdistel,0,0,0,0,0,0,0,0,0,0,0,0,0,0,0,0,HigherPlants
Cirsium dissectum,Cirsium dissectum,Spaanse ruiter ,0,1,0,0,0,0,0,0,0,0,0,0,0,1,0,0,HigherPlants
Cirsium eriophorum,Cirsium eriophorum,Wollige distel,1,0,0,0,0,0,0,0,0,0,0,0,0,0,0,0,HigherPlants
Cirsium oleraceum,Cirsium oleraceum,Moesdistel,0,0,0,0,0,0,0,0,0,0,0,0,0,1,0,0,HigherPlants
Cladium mariscus,Cladium mariscus,Galigaan,0,1,0,0,0,0,0,0,0,0,0,0,0,0,0,0,HigherPlants
Clematis vitalba,Clematis vitalba,Bosrank,0,0,0,0,0,0,0,0,0,0,0,0,0,0,0,0,HigherPlants
Clinopodium acinos,Clinopodium acinos,Kleine steentijm,0,0,1,0,0,0,0,0,0,0,0,0,0,0,0,0,HigherPlants
Clinopodium menthifolium,Clinopodium menthifolium,Bergsteentijm,1,0,0,0,0,0,0,0,0,0,0,0,0,0,0,0,HigherPlants
Clinopodium vulgare,Clinopodium vulgare,Borstelkrans,0,0,0,0,0,0,0,0,0,0,0,0,0,0,0,0,HigherPlants
Cochlearia officinalis subsp. officinalis,Cochlearia officinalis subsp. officinalis,Echt lepelblad,0,0,1,0,0,0,0,0,0,0,0,0,0,0,0,0,HigherPlants
Colchicum autumnale,Colchicum autumnale,Wilde herfsttijloos,0,1,0,0,0,0,0,0,0,0,0,0,0,1,0,0,HigherPlants
Conium maculatum,Conium maculatum,Gevlekte scheerling ,0,0,0,0,0,0,0,0,0,0,0,0,0,0,0,0,HigherPlants
Consolida regalis,Consolida regalis,Wilde ridderspoor,0,0,0,1,0,0,0,0,0,0,0,0,0,0,0,0,HigherPlants
Cornus mas,Cornus mas,Gele kornoelje,1,0,0,0,0,0,0,0,0,0,0,0,0,0,0,0,HigherPlants
Corrigiola litoralis,Corrigiola litoralis,Riempjes,0,0,1,0,0,0,0,0,0,0,0,0,0,0,0,0,HigherPlants
Corydalis solida,Corydalis solida,Vingerhelmbloem,0,0,0,0,0,0,0,0,0,0,0,0,0,0,0,0,HigherPlants
Crassula tillaea,Crassula tillaea,Mosbloempje,0,0,0,0,0,0,0,0,0,0,0,0,0,0,0,0,HigherPlants
Crepis paludosa,Crepis paludosa,Moerasstreepzaad,0,0,0,0,0,0,0,0,0,0,0,0,0,0,0,0,HigherPlants
Cruciata laevipes,Cruciata laevipes,Kruisbladwalstro,0,1,0,0,0,0,0,0,0,0,0,0,0,0,0,0,HigherPlants
Cucubalus baccifer,Cucubalus baccifer,Besanjelier,0,0,1,0,0,0,0,0,0,0,0,0,0,0,0,0,HigherPlants
Cuscuta campestris,Cuscuta campestris,Veldwarkruid,0,0,0,0,0,0,0,0,0,0,0,0,0,0,0,0,HigherPlants
Cuscuta epithymum,Cuscuta epithymum,Klein warkruid,0,1,0,0,0,0,0,0,0,0,0,0,0,0,0,0,HigherPlants
Cuscuta europaea,Cuscuta europaea,Groot warkruid,0,0,0,0,0,0,0,0,0,0,0,0,0,0,0,0,HigherPlants
Cuscuta gronovii,Cuscuta gronovii,Oeverwarkruid,0,0,0,0,0,0,0,0,0,0,0,0,0,0,0,0,HigherPlants
Cuscuta lupuliformis,Cuscuta lupuliformis,Hopwarkruid,0,0,0,0,0,0,0,0,0,0,0,0,0,0,0,0,HigherPlants
Cynoglossum officinale,Cynoglossum officinale,Veldhondstong,0,0,0,0,0,0,0,0,0,0,0,0,0,0,0,0,HigherPlants
Cynosurus cristatus,Cynosurus cristatus,Kamgras,1,0,0,0,0,0,0,0,0,0,0,0,0,0,0,0,HigherPlants
Cyperus flavescens,Cyperus flavescens,Geel cypergras,0,0,0,0,1,0,0,0,0,0,0,0,0,0,0,0,HigherPlants
Cyperus fuscus,Cyperus fuscus,Bruin cypergras,0,0,0,0,0,0,0,0,0,0,0,0,0,0,0,0,HigherPlants
Cystopteris fragilis,Cystopteris fragilis,Blaasvaren,0,0,1,0,0,0,0,0,0,0,0,0,0,1,0,0,HigherPlants
Dactylis glomerata,Dactylis glomerata,Kropaar,0,0,0,0,0,0,0,0,0,0,0,0,0,0,0,0,HigherPlants
Dactylorhiza incarnata,Dactylorhiza incarnata,Vleeskleurige orchis,0,1,0,0,0,0,0,0,0,0,0,0,0,1,0,0,HigherPlants
Dactylorhiza maculata,Dactylorhiza maculata,Gevlekte orchis,1,0,0,0,0,0,0,0,0,0,0,0,0,1,0,0,HigherPlants
Dactylorhiza majalis subsp. majalis,Dactylorhiza majalis subsp. majalis,Brede orchis,0,1,0,0,0,0,0,0,0,0,0,0,0,1,0,0,HigherPlants
Dactylorhiza majalis subsp. praetermissa,Dactylorhiza majalis subsp. praetermissa,Rietorchis,0,0,0,0,0,0,0,0,0,0,0,0,0,1,0,0,HigherPlants
Daucus carota,Daucus carota,Peen,0,0,0,0,0,0,0,0,0,0,0,0,0,0,0,0,HigherPlants
Deschampsia cespitosa,Deschampsia cespitosa,Reuzenzwenkgras ,0,0,0,0,0,0,0,0,0,0,0,0,0,0,0,0,HigherPlants
Dianthus armeria,Dianthus armeria,Ruige anjer,0,1,0,0,0,0,0,0,0,0,0,0,0,0,0,0,HigherPlants
Dianthus carthusianorum,Dianthus carthusianorum,Karthuizer anjer,0,0,1,0,0,0,0,0,0,0,0,0,0,0,0,0,HigherPlants
Dianthus deltoides,Dianthus deltoides,Steenanjer,0,1,0,0,0,0,0,0,0,0,0,0,0,1,0,0,HigherPlants
Dipsacus fullonum,Dipsacus fullonum,Grote kaardebol,0,0,0,0,0,0,0,0,0,0,0,0,1,0,0,0,HigherPlants
Dipsacus pilosus,Dipsacus pilosus,Kleine kaardebol,0,0,0,0,0,0,0,0,0,0,0,0,0,0,0,0,HigherPlants
Draba muralis,Draba muralis,Wit hongerbloempje,0,0,0,0,0,0,0,0,0,0,0,0,0,0,0,0,HigherPlants
Drosera intermedia,Drosera intermedia,Kleine zonnedauw,1,0,0,0,0,0,0,0,0,0,0,0,0,1,0,0,HigherPlants
Drosera rotundifolia,Drosera rotundifolia,Ronde zonnedauw,1,0,0,0,0,0,0,0,0,0,0,0,0,1,0,0,HigherPlants
Dryopteris filix-mas,Dryopteris filix-mas,Mannetjesvaren,0,0,0,0,0,0,0,0,0,0,0,0,0,0,0,0,HigherPlants
Echinops sphaerocephalus,Echinops sphaerocephalus,Beklierde kogeldistel ,0,0,0,0,0,0,0,0,0,0,0,0,0,0,0,0,HigherPlants
Elatine hydropiper,Elatine hydropiper,Klein glaskroos,0,0,1,0,0,0,0,0,0,0,0,0,0,0,0,0,HigherPlants
Eleocharis ovata,Eleocharis ovata,Eivormige waterbies,1,0,0,0,0,0,0,0,0,0,0,0,0,0,0,0,HigherPlants
Eleocharis palustris,Eleocharis palustris,Gewone waterbies,0,0,0,0,0,0,0,0,0,0,0,0,0,0,0,0,HigherPlants
Eleocharis quinqueflora,Eleocharis quinqueflora,Armbloemige waterbies,0,0,1,0,0,0,0,0,0,0,0,0,0,0,0,0,HigherPlants
Eleogiton fluitans,Eleogiton fluitans,Vlottende bies ,0,1,0,0,0,0,0,0,0,0,0,0,0,0,0,0,HigherPlants
Elodea canadensis,Elodea canadensis,Brede waterpest,1,0,0,0,0,0,0,0,0,0,0,0,0,0,0,0,HigherPlants
Elymus caninus,Elymus caninus,Hondstarwegras,0,0,0,0,0,0,0,0,0,0,0,0,0,0,0,0,HigherPlants
Elytrigia repens,Elytrigia repens,Kweek,0,0,0,0,0,0,0,0,0,0,0,0,0,0,0,0,HigherPlants
Epilobium hirsutum,Epilobium hirsutum,Harig wilgenroosje,0,0,0,0,0,0,0,0,0,0,0,0,0,0,0,0,HigherPlants
Epilobium palustre,Epilobium palustre,Moerasbasterwederik,1,0,0,0,0,0,0,0,0,0,0,0,0,0,0,0,HigherPlants
Epipactis helleborine,Epipactis helleborine,Brede wespenorchis,0,0,0,0,0,0,0,0,0,0,0,0,1,0,0,0,HigherPlants
Epipactis palustris,Epipactis palustris,Moeraswespenorchis,0,1,0,0,0,0,0,0,0,0,0,0,0,1,0,0,HigherPlants
Equisetum arvense,Equisetum arvense,Heermoes,0,0,0,0,0,0,0,0,0,0,0,0,0,0,0,0,HigherPlants
Equisetum fluviatile,Equisetum fluviatile,Holpijp,0,0,0,0,0,0,0,0,0,0,0,0,0,0,0,0,HigherPlants
Equisetum hyemale,Equisetum hyemale,Schaafstro,0,0,0,0,0,0,0,0,0,0,0,0,0,0,0,0,HigherPlants
Equisetum ramosissimum,Equisetum ramosissimum,Vertakte paardenstaart,1,0,0,0,0,0,0,0,0,0,0,0,0,0,0,0,HigherPlants
Equisetum sylvaticum,Equisetum sylvaticum,Bospaardenstaart,0,1,0,0,0,0,0,0,0,0,0,0,0,0,0,0,HigherPlants
Equisetum telmateia,Equisetum telmateia,Reuzenpaardenstaart,0,0,0,0,0,0,0,0,0,0,0,0,0,0,0,0,HigherPlants
Equisetum variegatum,Equisetum variegatum,Bonte paardenstaart,0,1,0,0,0,0,0,0,0,0,0,0,0,0,0,0,HigherPlants
Equisetum x moorei,Equisetum x moorei,Vertakt schaafstro ,0,0,0,0,0,0,0,0,0,0,0,0,0,0,0,0,HigherPlants
Erica cinerea,Erica cinerea,Rode dophei,1,0,0,0,0,0,0,0,0,0,0,0,0,0,0,0,HigherPlants
Erigeron annuus,Erigeron annuus,Zomerfijnstraal ,0,0,0,0,0,0,0,0,0,0,0,0,0,0,0,0,HigherPlants
Eriophorum vaginatum,Eriophorum vaginatum,Eenarig wollegras ,0,1,0,0,0,0,0,0,0,0,0,0,0,0,0,0,HigherPlants
Erodium cicutarium subsp. cicutarium,Erodium cicutarium subsp. cicutarium,Gewone reigersbek,0,0,0,0,0,0,0,0,0,0,0,0,0,0,0,0,HigherPlants
Erodium cicutarium subsp. dunense,Erodium cicutarium subsp. dunense,Duinreigersbek,0,0,0,0,0,0,0,0,0,0,0,0,0,0,0,0,HigherPlants
Erucastrum gallicum,Erucastrum gallicum,Schijnraket ,0,1,0,0,0,0,0,0,0,0,0,0,0,0,0,0,HigherPlants
Eryngium campestre,Eryngium campestre,Kruisdistel,0,0,0,0,0,0,0,0,0,0,0,0,0,0,0,0,HigherPlants
Eryngium maritimum,Eryngium maritimum,Blauwe zeedistel,0,1,0,0,0,0,0,0,0,0,0,0,0,1,0,0,HigherPlants
Erysimum virgatum,Erysimum virgatum,Stijve steenraket,0,0,0,1,0,0,0,0,0,0,0,0,0,0,0,0,HigherPlants
Euphorbia amygdaloides,Euphorbia amygdaloides,Amandelwolfsmelk,1,0,0,0,0,0,0,0,0,0,0,0,0,0,0,0,HigherPlants
Euphorbia cyparissias,Euphorbia cyparissias,Cipreswolfsmelk,0,0,0,0,0,0,0,0,0,0,0,0,0,0,0,0,HigherPlants
Euphorbia exigua,Euphorbia exigua,Kleine wolfsmelk,0,1,0,0,0,0,0,0,0,0,0,0,0,0,0,0,HigherPlants
Euphorbia palustris,Euphorbia palustris,Moeraswolfsmelk,0,1,0,0,0,0,0,0,0,0,0,0,0,0,0,0,HigherPlants
Euphorbia platyphyllos,Euphorbia platyphyllos,Brede wolfsmelk,0,1,0,0,0,0,0,0,0,0,0,0,0,0,0,0,HigherPlants
Euphorbia seguieriana,Euphorbia seguieriana,Zandwolfsmelk,0,0,0,1,0,0,0,0,0,0,0,0,0,0,0,0,HigherPlants
Euphorbia stricta,Euphorbia stricta,Stijve wolfsmelk,0,1,0,0,0,0,0,0,0,0,0,0,0,0,0,0,HigherPlants
Euphrasia stricta,Euphrasia stricta,Stijve ogentroost,1,0,0,0,0,0,0,0,0,0,0,0,0,0,0,0,HigherPlants
Fagopyrum tataricum,Fagopyrum tataricum,Franse boekweit,0,0,0,0,1,0,0,0,0,0,0,0,0,0,0,0,HigherPlants
Festuca rubra,Festuca rubra,Rood zwenkgras,0,0,0,0,0,0,0,0,0,0,0,0,0,0,0,0,HigherPlants
Filago arvensis,Filago arvensis,Akkerviltkruid,0,1,0,0,0,0,0,0,0,0,0,0,0,0,0,0,HigherPlants
Filago lutescens,Filago lutescens,Geel viltkruid,0,0,0,1,0,0,0,0,0,0,0,0,0,0,0,0,HigherPlants
Filago minima,Filago minima,Dwergviltkruid,0,0,0,0,0,0,0,0,0,0,0,0,0,0,0,0,HigherPlants
Filago pyramidata,Filago pyramidata,Spatelviltkruid,0,0,0,0,1,0,0,0,0,0,0,0,0,0,0,0,HigherPlants
Filago vulgaris,Filago vulgaris,Duits viltkruid,0,0,0,0,0,0,0,0,0,0,0,0,0,0,0,0,HigherPlants
Filipendula ulmaria,Filipendula ulmaria,Moerasspirea,0,0,0,0,0,0,0,0,0,0,0,0,0,0,0,0,HigherPlants
Filipendula vulgaris,Filipendula vulgaris,Knolspirea,0,1,0,0,0,0,0,0,0,0,0,0,0,0,0,0,HigherPlants
Fragaria moschata,Fragaria moschata,Grote bosaardbei,0,0,0,1,0,0,0,0,0,0,0,0,0,0,0,0,HigherPlants
Fragaria vesca,Fragaria vesca,Bosaardbei,1,0,0,0,0,0,0,0,0,0,0,0,0,0,0,0,HigherPlants
Fraxinus excelsior,Fraxinus excelsior,Gewone es,0,0,0,0,0,0,0,0,0,0,0,0,0,0,0,0,HigherPlants
Fritillaria meleagris,Fritillaria meleagris,Wilde kievitsbloem,0,0,1,0,0,0,0,0,0,0,0,0,0,1,0,0,HigherPlants
Gagea lutea,Gagea lutea,Bosgeelster,0,0,0,0,0,0,0,0,0,0,0,0,0,0,0,0,HigherPlants
Gagea villosa,Gagea villosa,Akkergeelster,0,0,0,0,0,0,0,0,0,0,0,0,0,0,0,0,HigherPlants
Galeopsis angustifolia,Galeopsis angustifolia,Smalle raai,0,0,0,1,0,0,0,0,0,0,0,0,0,0,0,0,HigherPlants
Galeopsis segetum,Galeopsis segetum,Bleekgele hennepnetel,0,1,0,0,0,0,0,0,0,0,0,0,0,0,0,0,HigherPlants
Galium boreale,Galium boreale,Noords walstro,0,0,1,0,0,0,0,0,0,0,0,0,0,0,0,0,HigherPlants
Galium palustre,Galium palustre,Moeraswalstro,0,0,0,0,0,0,0,0,0,0,0,0,0,0,0,0,HigherPlants
Galium sylvaticum,Galium sylvaticum,Boswalstro,0,0,0,0,1,0,0,0,0,0,0,0,0,0,0,0,HigherPlants
Galium tricornutum,Galium tricornutum,Driehoornig walstro,0,0,0,0,1,0,0,0,0,0,0,0,0,0,0,0,HigherPlants
Genista anglica,Genista anglica,Stekelbrem,1,0,0,0,0,0,0,0,0,0,0,0,0,0,0,0,HigherPlants
Genista germanica,Genista germanica,Duitse brem,0,0,0,1,0,0,0,0,0,0,0,0,0,0,0,0,HigherPlants
Genista pilosa,Genista pilosa,Kruipbrem,0,1,0,0,0,0,0,0,0,0,0,0,0,0,0,0,HigherPlants
Genista tinctoria,Genista tinctoria,Verfbrem ,0,0,1,0,0,0,0,0,0,0,0,0,0,0,0,0,HigherPlants
Gentiana pneumonanthe,Gentiana pneumonanthe,Klokjesgentiaan,1,0,0,0,0,0,0,0,0,0,0,0,0,0,0,0,HigherPlants
Geranium columbinum,Geranium columbinum,Fijne ooievaarsbek,0,1,0,0,0,0,0,0,0,0,0,0,0,0,0,0,HigherPlants
Geranium pratense,Geranium pratense,Beemdooievaarsbek,0,0,0,0,0,0,0,0,0,0,0,0,0,0,0,0,HigherPlants
Geranium pusillum,Geranium pusillum,Kleine ooievaarsbek,0,0,0,0,0,0,0,0,0,0,0,0,0,0,0,0,HigherPlants
Geranium pyrenaicum,Geranium pyrenaicum,Bermooievaarsbek,0,0,0,0,0,0,0,0,0,0,0,0,0,0,0,0,HigherPlants
Geranium rotundifolium,Geranium rotundifolium,Ronde ooievaarsbek,0,0,0,0,0,0,0,0,0,0,0,0,0,1,0,0,HigherPlants
Geum rivale,Geum rivale,Knikkend nagelkruid,0,1,0,0,0,0,0,0,0,0,0,0,0,0,0,0,HigherPlants
Glyceria maxima,Glyceria maxima,Liesgras,0,0,0,0,0,0,0,0,0,0,0,0,0,0,0,0,HigherPlants
Gnaphalium sylvaticum,Gnaphalium sylvaticum,Bosdroogbloem,0,0,0,0,0,0,0,0,0,0,0,0,0,0,0,0,HigherPlants
Gratiola officinalis,Gratiola officinalis,Genadekruid,0,0,1,0,0,0,0,0,0,0,0,0,0,0,0,0,HigherPlants
Groenlandia densa,Groenlandia densa,Paarbladig fonteinkruid,0,0,0,0,0,0,0,0,0,0,0,0,0,0,0,0,HigherPlants
Gypsophila muralis,Gypsophila muralis,Gipskruid,1,0,0,0,0,0,0,0,0,0,0,0,0,0,0,0,HigherPlants
Helianthemum nummularium,Helianthemum nummularium,Geel zonneroosje,1,0,0,0,0,0,0,0,0,0,0,0,0,0,0,0,HigherPlants
Helictotrichon pubescens,Helictotrichon pubescens,Zachte haver ,0,0,0,0,0,0,0,0,0,0,0,0,0,0,0,0,HigherPlants
Helleborus viridis,Helleborus viridis,Wrangwortel,0,0,1,0,0,0,0,0,0,0,0,0,0,0,0,0,HigherPlants
Heracleum sphondylium,Heracleum sphondylium,Bereklauw,0,0,0,0,0,0,0,0,0,0,0,0,0,0,0,0,HigherPlants
Herniaria glabra,Herniaria glabra,Kaal breukkruid,0,0,0,0,0,0,0,0,0,0,0,0,0,0,0,0,HigherPlants
Hieracium amplexicaule,Hieracium amplexicaule,Stengelomvattend havikskruid,1,0,0,0,0,0,0,0,0,0,0,0,0,1,0,0,HigherPlants
Hieracium caespitosum,Hieracium caespitosum,Weidehavikskruid,0,0,0,0,0,0,0,0,0,0,0,0,0,0,0,0,HigherPlants
Hieracium murorum,Hieracium murorum,Muurhavikskruid,0,1,0,0,0,0,0,0,0,0,0,0,0,0,0,0,HigherPlants
Hierochloe odorata,Hierochloe odorata,Veenreukgras,0,1,0,0,0,0,0,0,0,0,0,0,0,0,0,0,HigherPlants
Hippuris vulgaris,Hippuris vulgaris,Lidsteng,0,0,0,0,0,0,0,0,0,0,0,0,0,0,0,0,HigherPlants
Holcus lanatus,Holcus lanatus,Gestreepte witbol ,0,0,0,0,0,0,0,0,0,0,0,0,0,0,0,0,HigherPlants
Holcus mollis,Holcus mollis,Gladde witbol,0,0,0,0,0,0,0,0,0,0,0,0,0,0,0,0,HigherPlants
Holosteum umbellatum,Holosteum umbellatum,Heelbeen,0,0,1,0,0,0,0,0,0,0,0,0,0,0,0,0,HigherPlants
Hordeum secalinum,Hordeum secalinum,Veldgerst,0,0,0,0,0,0,0,0,0,0,0,0,0,0,0,0,HigherPlants
Hottonia palustris,Hottonia palustris,Waterviolier,0,0,0,0,0,0,0,0,0,0,0,0,0,0,0,0,HigherPlants
Huperzia selago,Huperzia selago,Dennenwolfsklauw,0,1,0,0,0,0,0,0,0,0,0,0,0,0,0,0,HigherPlants
Hydrocharis morsus-ranae,Hydrocharis morsus-ranae,Kikkerbeet,0,0,0,0,0,0,0,0,0,0,0,0,0,0,0,0,HigherPlants
Hyoscyamus niger,Hyoscyamus niger,Bilzekruid,0,0,1,0,0,0,0,0,0,0,0,0,0,0,0,0,HigherPlants
Hypericum elodes,Hypericum elodes,Moerashertshooi,0,1,0,0,0,0,0,0,0,0,0,0,0,0,0,0,HigherPlants
Hypericum hirsutum,Hypericum hirsutum,Ruig hertshooi,0,1,0,0,0,0,0,0,0,0,0,0,0,0,0,0,HigherPlants
Hypericum montanum,Hypericum montanum,Berghertshooi,0,0,0,1,0,0,0,0,0,0,0,0,0,0,0,0,HigherPlants
Hypericum pulchrum,Hypericum pulchrum,Fraai hertshooi,0,0,1,0,0,0,0,0,0,0,0,0,0,0,0,0,HigherPlants
Hypochaeris glabra,Hypochaeris glabra,Glad biggenkruid,0,0,1,0,0,0,0,0,0,0,0,0,0,0,0,0,HigherPlants
Ilex aquifolium,Ilex aquifolium,Hulst,0,0,0,0,0,0,0,0,0,0,0,0,0,0,0,0,HigherPlants
Illecebrum verticillatum,Illecebrum verticillatum,Grondster,0,1,0,0,0,0,0,0,0,0,0,0,0,0,0,0,HigherPlants
Impatiens capensis,Impatiens capensis,Oranje springzaad ,0,0,0,0,0,0,0,0,0,0,0,0,0,0,0,0,HigherPlants
Impatiens glandulifera,Impatiens glandulifera,Reuzenbalsemien,0,0,0,0,0,0,0,0,0,0,0,0,0,0,0,0,HigherPlants
Impatiens noli-tangere,Impatiens noli-tangere,Groot springzaad,0,0,0,0,0,0,0,0,0,0,0,0,0,0,0,0,HigherPlants
Inula britannica,Inula britannica,Engelse alant,0,0,0,0,0,0,0,0,0,0,0,0,0,0,0,0,HigherPlants
Iris pseudacorus,Iris pseudacorus,Gele lis,0,0,0,0,0,0,0,0,0,0,0,0,0,0,0,0,HigherPlants
Isatis tinctoria,Isatis tinctoria,Wede,1,0,0,0,0,0,0,0,0,0,0,0,0,0,0,0,HigherPlants
Jacobaea paludosa,Jacobaea paludosa,Moeraskruiskruid,0,1,0,0,0,0,0,0,0,0,0,0,0,0,0,0,HigherPlants
Juncus alpinoarticulatus subsp. alpinoarticulatus,Juncus alpinoarticulatus subsp. alpinoarticulatus,Alpenrus,0,0,0,0,0,0,0,0,0,0,0,0,0,0,0,0,HigherPlants
Juncus bulbosus,Juncus bulbosus,Knolrus,0,0,0,0,0,0,0,0,0,0,0,0,0,0,0,0,HigherPlants
Juncus capitatus,Juncus capitatus,Koprus,0,0,0,1,0,0,0,0,0,0,0,0,0,0,0,0,HigherPlants
Juncus effusus,Juncus effusus,Pitrus,0,0,0,0,0,0,0,0,0,0,0,0,0,0,0,0,HigherPlants
Juncus filiformis,Juncus filiformis,Draadrus,0,0,0,0,0,0,0,0,0,0,0,0,0,0,0,0,HigherPlants
Juncus tenageia,Juncus tenageia,Wijdbloeiende rus ,0,0,1,0,0,0,0,0,0,0,0,0,0,0,0,0,HigherPlants
Juniperus communis,Juniperus communis,Jeneverbes,1,0,0,0,0,0,0,0,0,0,0,0,0,1,0,0,HigherPlants
Kickxia elatine,Kickxia elatine,Spiesleeuwenbek,0,1,0,0,0,0,0,0,0,0,0,0,0,0,0,0,HigherPlants
Kickxia spuria,Kickxia spuria,Eironde leeuwenbek,0,0,1,0,0,0,0,0,0,0,0,0,0,0,0,0,HigherPlants
Knautia arvensis,Knautia arvensis,Beemdkroon,0,1,0,0,0,0,0,0,0,0,0,0,0,0,0,0,HigherPlants
Koeleria macrantha,Koeleria macrantha,Smal fakkelgras ,0,0,0,0,0,0,0,0,0,0,0,0,0,0,0,0,HigherPlants
Lamiastrum galeobdolon subsp. galeobdolon,Lamiastrum galeobdolon subsp. galeobdolon,Gele dovenetel,0,0,0,0,0,0,0,0,0,0,0,0,0,0,0,0,HigherPlants
Lathyrus aphaca,Lathyrus aphaca,Naakte lathyrus,0,0,0,1,0,0,0,0,0,0,0,0,0,0,0,0,HigherPlants
Lathyrus linifolius,Lathyrus linifolius,Knollathyrus,0,0,0,1,0,0,0,0,0,0,0,0,0,0,0,0,HigherPlants
Lathyrus nissolia,Lathyrus nissolia,Graslathyrus,0,0,0,0,0,0,0,0,0,0,0,0,0,0,0,0,HigherPlants
Lathyrus sylvestris,Lathyrus sylvestris,Boslathyrus,0,0,0,0,0,0,0,0,0,0,0,0,0,0,0,0,HigherPlants
Lathyrus tuberosus,Lathyrus tuberosus,Aardaker,0,0,0,0,0,0,0,0,0,0,0,0,1,0,0,0,HigherPlants
Leersia oryzoides,Leersia oryzoides,Rijstgras,0,1,0,0,0,0,0,0,0,0,0,0,0,0,0,0,HigherPlants
Legousia hybrida,Legousia hybrida,Klein spiegelklokje,0,0,1,0,0,0,0,0,0,0,0,0,0,0,0,0,HigherPlants
Legousia speculum-veneris,Legousia speculum-veneris,Groot spiegelklokje,0,0,1,0,0,0,0,0,0,0,0,0,0,0,0,0,HigherPlants
Leontodon hispidus,Leontodon hispidus,Ruige leeuwentand,0,1,0,0,0,0,0,0,0,0,0,0,0,0,0,0,HigherPlants
Leonurus cardiaca,Leonurus cardiaca,Hartgespan,0,0,0,0,0,0,0,0,0,0,0,0,0,0,0,0,HigherPlants
Lepidium campestre,Lepidium campestre,Veldkruidkers,0,0,1,0,0,0,0,0,0,0,0,0,0,0,0,0,HigherPlants
Lepidium draba,Lepidium draba,Pijlkruidkers,0,0,0,0,0,0,0,0,0,0,0,0,0,0,0,0,HigherPlants
Lepidium graminifolium,Lepidium graminifolium,Graskers,1,0,0,0,0,0,0,0,0,0,0,0,0,0,0,0,HigherPlants
Lepidium heterophyllum,Lepidium heterophyllum,Rozetkruidkers,0,0,0,0,0,0,0,0,0,0,0,0,0,0,0,0,HigherPlants
Lepidium latifolium,Lepidium latifolium,Peperkers,0,0,0,0,0,0,0,0,0,0,0,0,0,0,0,0,HigherPlants
Leucanthemum vulgare,Leucanthemum vulgare,Margriet,0,0,0,0,0,0,0,0,0,0,0,0,0,0,0,0,HigherPlants
Leucojum aestivum,Leucojum aestivum,Zomerklokje,0,1,0,0,0,0,0,0,0,0,0,0,0,1,0,0,HigherPlants
Limosella aquatica,Limosella aquatica,Slijkgroen,0,0,0,0,0,0,0,0,0,0,0,0,0,0,0,0,HigherPlants
Linaria repens,Linaria repens,Gestreepte leeuwenbek ,0,0,0,0,0,0,0,0,0,0,0,0,0,0,0,0,HigherPlants
Linum catharticum,Linum catharticum,Geelhartje,0,1,0,0,0,0,0,0,0,0,0,0,0,0,0,0,HigherPlants
Liparis loeselii,Liparis loeselii,Groenknolorchis,0,0,1,0,0,1,1,0,1,0,0,0,0,0,1,0,HigherPlants
Listera ovata,Listera ovata,Grote keverorchis,0,0,0,0,0,0,0,0,0,0,0,0,0,1,0,0,HigherPlants
Lithospermum arvense,Lithospermum arvense,Ruw parelzaad,0,0,1,0,0,0,0,0,0,0,0,0,0,0,0,0,HigherPlants
Lithospermum officinale,Lithospermum officinale,Glad parelzaad,0,0,0,0,0,0,0,0,0,0,0,0,0,0,0,0,HigherPlants
Littorella uniflora,Littorella uniflora,Oeverkruid,0,1,0,0,0,0,0,0,0,0,0,0,0,0,0,0,HigherPlants
Lolium perenne,Lolium perenne,Engels raaigras,0,0,0,0,0,0,0,0,0,0,0,0,0,0,0,0,HigherPlants
Lotus corniculatus var. corniculatus,Lotus corniculatus var. corniculatus,Gewone rolklaver ,0,0,0,0,0,0,0,0,0,0,0,0,0,0,0,0,HigherPlants
Ludwigia palustris,Ludwigia palustris,Waterlepeltje,0,0,1,0,0,0,0,0,0,0,0,0,0,0,0,0,HigherPlants
Luronium natans,Luronium natans,Drijvende waterweegbree,0,1,0,0,0,1,1,0,1,0,0,0,0,0,1,0,HigherPlants
Lycopodiella inundata,Lycopodiella inundata,Moeraswolfsklauw,0,0,0,0,0,0,0,0,0,0,0,0,0,0,0,0,HigherPlants
Lycopodium clavatum,Lycopodium clavatum,Grote wolfsklauw,0,0,1,0,0,0,0,0,0,0,0,0,0,0,0,0,HigherPlants
Lycopus europaeus,Lycopus europaeus,Wolfspoot,0,0,0,0,0,0,0,0,0,0,0,0,0,0,0,0,HigherPlants
Lysimachia nummularia,Lysimachia nummularia,Penningkruid,0,0,0,0,0,0,0,0,0,0,0,0,0,0,0,0,HigherPlants
Lysimachia vulgaris,Lysimachia vulgaris,Grote wederik,0,0,0,0,0,0,0,0,0,0,0,0,0,0,0,0,HigherPlants
Lythrum hyssopifolia,Lythrum hyssopifolia,Kleine kattenstaart,1,0,0,0,0,0,0,0,0,0,0,0,0,0,0,0,HigherPlants
Lythrum salicaria,Lythrum salicaria,Grote kattenstaart,0,0,0,0,0,0,0,0,0,0,0,0,0,0,0,0,HigherPlants
Malva alcea,Malva alcea,Vijfdelig kaasjeskruid,0,0,0,0,0,0,0,0,0,0,0,0,0,0,0,0,HigherPlants
Marrubium vulgare,Marrubium vulgare,Malrove,0,0,0,1,0,0,0,0,0,0,0,0,0,0,0,0,HigherPlants
Medicago falcata,Medicago falcata,Sikkelklaver,0,1,0,0,0,0,0,0,0,0,0,0,0,0,0,0,HigherPlants
Medicago lupulina,Medicago lupulina,Hopklaver,0,0,0,0,0,0,0,0,0,0,0,0,0,0,0,0,HigherPlants
Medicago minima,Medicago minima,Kleine rupsklaver,0,0,0,0,0,0,0,0,0,0,0,0,0,0,0,0,HigherPlants
Medicago polymorpha,Medicago polymorpha,Ruige rupsklaver,1,0,0,0,0,0,0,0,0,0,0,0,0,0,0,0,HigherPlants
Medicago sativa,Medicago sativa,Luzerne,0,0,0,0,0,0,0,0,0,0,0,0,0,0,0,0,HigherPlants
Medicago x varia,Medicago x varia,Bonte luzerne ,0,0,0,0,0,0,0,0,0,0,0,0,0,0,0,0,HigherPlants
Melampyrum arvense,Melampyrum arvense,Wilde weit,0,0,0,1,0,0,0,0,0,0,0,0,0,0,0,0,HigherPlants
Melica uniflora,Melica uniflora,Eenbloemig parelgras,0,0,0,0,0,0,0,0,0,0,0,0,0,0,0,0,HigherPlants
Mentha aquatica,Mentha aquatica,Watermunt,0,0,0,0,0,0,0,0,0,0,0,0,0,0,0,0,HigherPlants
Mentha longifolia,Mentha longifolia,Hertsmunt,0,0,0,0,0,0,0,0,0,0,0,0,0,0,0,0,HigherPlants
Mentha pulegium,Mentha pulegium,Polei,0,1,0,0,0,0,0,0,0,0,0,0,0,0,0,0,HigherPlants
Mentha suaveolens,Mentha suaveolens,Witte munt,0,1,0,0,0,0,0,0,0,0,0,0,0,0,0,0,HigherPlants
Mentha x rotundifolia,Mentha x rotundifolia,Wollige munt,0,0,0,0,0,0,0,0,0,0,0,0,0,0,0,0,HigherPlants
Menyanthes trifoliata,Menyanthes trifoliata,Waterdrieblad,1,0,0,0,0,0,0,0,0,0,0,0,0,1,0,0,HigherPlants
Mibora minima,Mibora minima,Dwerggras,1,0,0,0,0,0,0,0,0,0,0,0,0,0,0,0,HigherPlants
Mimulus guttatus,Mimulus guttatus,Gele maskerbloem,0,0,0,0,0,0,0,0,0,0,0,0,0,0,0,0,HigherPlants
Minuartia hybrida,Minuartia hybrida,Tengere veldmuur,0,0,0,1,0,0,0,0,0,0,0,0,0,0,0,0,HigherPlants
Misopates orontium,Misopates orontium,Akkerleeuwenbek,0,1,0,0,0,0,0,0,0,0,0,0,0,0,0,0,HigherPlants
Molinia caerulea,Molinia caerulea,Pijpenstrootje,0,0,0,0,0,0,0,0,0,0,0,0,0,0,0,0,HigherPlants
Myosotis ramosissima,Myosotis ramosissima,Ruw vergeet-me-nietje ,0,0,0,0,0,0,0,0,0,0,0,0,0,0,0,0,HigherPlants
Myosotis scorpioides,Myosotis scorpioides,Moerasvergeet-mij-nietje,0,0,0,0,0,0,0,0,0,0,0,0,0,0,0,0,HigherPlants
Myosotis stricta,Myosotis stricta,Stijf vergeet-mij-nietje,0,1,0,0,0,0,0,0,0,0,0,0,0,0,0,0,HigherPlants
Myrica gale,Myrica gale,Wilde gagel ,1,0,0,0,0,0,0,0,0,0,0,0,0,1,0,0,HigherPlants
Myriophyllum alterniflorum,Myriophyllum alterniflorum,Teer vederkruid,0,1,0,0,0,0,0,0,0,0,0,0,0,0,0,0,HigherPlants
Najas minor,Najas minor,Klein nimfkruid,0,0,1,0,0,0,0,0,0,0,0,0,0,0,0,0,HigherPlants
Narcissus pseudonarcissus subsp. pseudonarcissus,Narcissus pseudonarcissus subsp. pseudonarcissus,Wilde narcis,0,0,0,0,0,0,0,0,0,0,0,0,0,0,0,0,HigherPlants
Nardus stricta,Nardus stricta,Borstelgras,1,0,0,0,0,0,0,0,0,0,0,0,0,0,0,0,HigherPlants
Narthecium ossifragum,Narthecium ossifragum,Beenbreek,0,1,0,0,0,0,0,0,0,0,0,0,0,1,0,0,HigherPlants
Nasturtium officinale,Nasturtium officinale,Witte waterkers,0,0,0,0,0,0,0,0,0,0,0,0,0,0,0,0,HigherPlants
Neottia nidus-avis,Neottia nidus-avis,Vogelnestje,0,0,0,1,0,0,0,0,0,0,0,0,0,1,0,0,HigherPlants
Nepeta cataria,Nepeta cataria,Wild kattenkruid ,0,1,0,0,0,0,0,0,0,0,0,0,0,0,0,0,HigherPlants
Nuphar lutea,Nuphar lutea,Gele plomp,0,0,0,0,0,0,0,0,0,0,0,0,0,0,0,0,HigherPlants
Nymphaea alba,Nymphaea alba,Witte waterlelie,0,0,0,0,0,0,0,0,0,0,0,0,0,0,0,0,HigherPlants
Nymphoides peltata,Nymphoides peltata,Watergentiaan,0,0,0,0,0,0,0,0,0,0,0,0,0,0,0,0,HigherPlants
Odontites vernus subsp. serotinus,Odontites vernus subsp. serotinus,Rode ogentroost,1,0,0,0,0,0,0,0,0,0,0,0,0,0,0,0,HigherPlants
Odontites vernus subsp. vernus,Odontites vernus subsp. vernus,Akkerogentroost,0,0,1,0,0,0,0,0,0,0,0,0,0,0,0,0,HigherPlants
Oenanthe crocata,Oenanthe crocata,Dodemansvingers,1,0,0,0,0,0,0,0,0,0,0,0,0,0,0,0,HigherPlants
Oenanthe lachenalii,Oenanthe lachenalii,Zilt torkruid,0,0,1,0,0,0,0,0,0,0,0,0,0,0,0,0,HigherPlants
Oenanthe pimpinelloides,Oenanthe pimpinelloides,Beverneltorkruid,1,0,0,0,0,0,0,0,0,0,0,0,0,0,0,0,HigherPlants
Oenanthe silaifolia,Oenanthe silaifolia,Weidekervel-torkruid,0,0,0,1,0,0,0,0,0,0,0,0,0,0,0,0,HigherPlants
Ononis repens subsp. repens,Ononis repens subsp. repens,Kruipend stalkruid,0,0,0,0,0,0,0,0,0,0,0,0,0,0,0,0,HigherPlants
Ononis repens subsp. spinosa,Ononis repens subsp. spinosa,Kattendoorn,1,0,0,0,0,0,0,0,0,0,0,0,0,0,0,0,HigherPlants
Ophrys apifera,Ophrys apifera,Bijenorchis,0,0,0,0,0,0,0,0,0,0,0,0,0,1,0,0,HigherPlants
Orchis militaris,Orchis militaris,Soldaatje,1,0,0,0,0,0,0,0,0,0,0,0,0,1,0,0,HigherPlants
Orchis simia,Orchis simia,Aapjesorchis,1,0,0,0,0,0,0,0,0,0,0,0,0,1,0,0,HigherPlants
Origanum vulgare,Origanum vulgare,Wilde marjolein,0,0,0,0,0,0,0,0,0,0,0,0,0,1,0,0,HigherPlants
Ornithogalum umbellatum,Ornithogalum umbellatum,Gewone vogelmelk,0,0,0,0,0,0,0,0,0,0,0,0,1,0,0,0,HigherPlants
Orobanche caryophyllacea,Orobanche caryophyllacea,Walstrobremraap,0,0,0,0,0,0,0,0,0,0,0,0,0,0,0,0,HigherPlants
Orobanche hederae,Orobanche hederae,Klimopbremraap,0,0,0,0,0,0,0,0,0,0,0,0,0,0,0,0,HigherPlants
Orobanche lutea,Orobanche lutea,Rode bremraap,0,0,1,0,0,0,0,0,0,0,0,0,0,0,0,0,HigherPlants
Orobanche minor,Orobanche minor,Klavervreter,0,1,0,0,0,0,0,0,0,0,0,0,0,0,0,0,HigherPlants
Orobanche picridis,Orobanche picridis,Bitterkruidbremraap,0,0,0,0,0,0,0,0,0,0,0,0,0,0,0,0,HigherPlants
Orobanche purpurea,Orobanche purpurea,Blauwe bremraap,0,1,0,0,0,0,0,0,0,0,0,0,0,0,0,0,HigherPlants
Orobanche rapum-genistae,Orobanche rapum-genistae,Grote bremraap,0,0,1,0,0,0,0,0,0,0,0,0,0,0,0,0,HigherPlants
Orobanche reticulata,Orobanche reticulata,Distelbremraap,1,0,0,0,0,0,0,0,0,0,0,0,0,0,0,0,HigherPlants
Osmunda regalis,Osmunda regalis,Koningsvaren,0,0,0,0,0,0,0,0,0,0,0,0,1,0,0,0,HigherPlants
Parietaria judaica,Parietaria judaica,Klein glaskruid,0,0,0,0,0,0,0,0,0,0,0,0,0,1,0,0,HigherPlants
Parietaria officinalis,Parietaria officinalis,Groot glaskruid ,0,0,0,0,0,0,0,0,0,0,0,0,0,0,0,0,HigherPlants
Paris quadrifolia,Paris quadrifolia,Eenbes,0,0,0,0,0,0,0,0,0,0,0,0,0,0,0,0,HigherPlants
Parnassia palustris,Parnassia palustris,Parnassia,0,1,0,0,0,0,0,0,0,0,0,0,0,1,0,0,HigherPlants
Pastinaca sativa subsp. sativa,Pastinaca sativa subsp. sativa,Pastinaak,0,0,0,0,0,0,0,0,0,0,0,0,0,0,0,0,HigherPlants
Pedicularis palustris,Pedicularis palustris,Moeraskartelblad,0,1,0,0,0,0,0,0,0,0,0,0,0,0,0,0,HigherPlants
Pedicularis sylvatica,Pedicularis sylvatica,Heidekartelblad ,0,1,0,0,0,0,0,0,0,0,0,0,0,0,0,0,HigherPlants
Persicaria amphibian ,Persicaria amphibian ,Veenwortel,0,0,0,0,0,0,0,0,0,0,0,0,0,0,0,0,HigherPlants
Persicaria bistorta,Persicaria bistorta,Adderwortel,0,0,0,0,0,0,0,0,0,0,0,0,0,0,0,0,HigherPlants
Persicaria hydropiper,Persicaria hydropiper,Waterpeper,0,0,0,0,0,0,0,0,0,0,0,0,0,0,0,0,HigherPlants
Persicaria lapathifolia,Persicaria lapathifolia,Beklierde duizendknoop,0,0,0,0,0,0,0,0,0,0,0,0,0,0,0,0,HigherPlants
Petasites hybridus,Petasites hybridus,Groot hoefblad,0,0,0,0,0,0,0,0,0,0,0,0,0,0,0,0,HigherPlants
Petrorhagia prolifera,Petrorhagia prolifera,Mantelanjer,0,1,0,0,0,0,0,0,0,0,0,0,0,0,0,0,HigherPlants
Peucedanum carvifolia,Peucedanum carvifolia,Karwijvarkenskervel,0,1,0,0,0,0,0,0,0,0,0,0,0,0,0,0,HigherPlants
Phalaris arundinacea,Phalaris arundinacea,Rietgras,0,0,0,0,0,0,0,0,0,0,0,0,0,0,0,0,HigherPlants
Phleum pratense,Phleum pratense,Timoteegras,0,0,0,0,0,0,0,0,0,0,0,0,0,0,0,0,HigherPlants
Phragmites australis,Phragmites australis,Riet,0,0,0,0,0,0,0,0,0,0,0,0,0,0,0,0,HigherPlants
Phyteuma spicatum subsp. nigrum,Phyteuma spicatum subsp. nigrum,Zwartblauwe rapunzel ,0,0,1,0,0,0,0,0,0,0,0,0,0,0,0,0,HigherPlants
Picris echioides,Picris echioides,Dubbelkelk,0,0,0,0,0,0,0,0,0,0,0,0,0,0,0,0,HigherPlants
Picris hieracioides,Picris hieracioides,Echt bitterkruid,0,0,0,0,0,0,0,0,0,0,0,0,0,0,0,0,HigherPlants
Pilularia globulifera,Pilularia globulifera,Pilvaren,0,0,0,0,0,0,0,0,0,0,0,0,0,0,0,0,HigherPlants
Pimpinella saxifraga,Pimpinella saxifraga,Kleine bevernel,0,1,0,0,0,0,0,0,0,0,0,0,0,0,0,0,HigherPlants
Pinguicula vulgaris,Pinguicula vulgaris,Vetblad,0,0,0,1,0,0,0,0,0,0,0,0,0,0,0,0,HigherPlants
Pinus sylvestris,Pinus sylvestris,Grove den,0,0,0,0,0,0,0,0,0,0,0,0,0,0,0,0,HigherPlants
Plantago arenaria,Plantago arenaria,Zandweegbree,0,0,0,0,0,0,0,0,0,0,0,0,0,0,0,0,HigherPlants
Plantago lanceolata,Plantago lanceolata,Smalle weegbree,0,0,0,0,0,0,0,0,0,0,0,0,0,0,0,0,HigherPlants
Plantago major subsp. major,Plantago major subsp. major,Grote weegbree,0,0,0,0,0,0,0,0,0,0,0,0,0,0,0,0,HigherPlants
Plantago maritima,Plantago maritima,Zeeweegbree,0,1,0,0,0,0,0,0,0,0,0,0,0,0,0,0,HigherPlants
Plantago media,Plantago media,Ruige weegbree,0,1,0,0,0,0,0,0,0,0,0,0,0,0,0,0,HigherPlants
Platanthera montana,Platanthera montana,Bergnachtorchis,0,1,0,0,0,0,0,0,0,0,0,0,0,1,0,0,HigherPlants
Poa pratensis,Poa pratensis,Veldbeemdgras,0,0,0,0,0,0,0,0,0,0,0,0,0,0,0,0,HigherPlants
Polygala comosa,Polygala comosa,Kuifvleugeltjesbloem,0,1,0,0,0,0,0,0,0,0,0,0,0,0,0,0,HigherPlants
Polygala serpyllifolia,Polygala serpyllifolia,Liggende vleugeltjesbloem ,0,1,0,0,0,0,0,0,0,0,0,0,0,0,0,0,HigherPlants
Polygala vulgaris,Polygala vulgaris,Gewone vleugeltjesbloem ,1,0,0,0,0,0,0,0,0,0,0,0,0,0,0,0,HigherPlants
Polypodium interjectum,Polypodium interjectum,Brede eikvaren ,0,0,0,0,0,0,0,0,0,0,0,0,0,0,0,0,HigherPlants
Polystichum aculeatum,Polystichum aculeatum,Stijve naaldvaren ,1,0,0,0,0,0,0,0,0,0,0,0,0,0,0,0,HigherPlants
Polystichum setiferum,Polystichum setiferum,Zachte naaldvaren ,1,0,0,0,0,0,0,0,0,0,0,0,0,0,0,0,HigherPlants
Populus nigra,Populus nigra,Zwarte populier ,0,0,0,0,0,0,0,0,0,0,0,0,0,0,0,0,HigherPlants
Portulaca oleracea,Portulaca oleracea,Postelein ,0,0,0,0,0,0,0,0,0,0,0,0,0,0,0,0,HigherPlants
Potamogeton acutifolius,Potamogeton acutifolius,Sptis fonteinkruid ,0,1,0,0,0,0,0,0,0,0,0,0,0,0,0,0,HigherPlants
Potamogeton compressus,Potamogeton compressus,Plat fonteinkruid ,0,1,0,0,0,0,0,0,0,0,0,0,0,0,0,0,HigherPlants
Potamogeton crispus,Potamogeton crispus,Gekroesd fonteinkruid,0,0,0,0,0,0,0,0,0,0,0,0,0,0,0,0,HigherPlants
Potamogeton gramineus,Potamogeton gramineus,Ongelijkbladig fonteinkruid ,0,0,1,0,0,0,0,0,0,0,0,0,0,0,0,0,HigherPlants
Potamogeton lucens,Potamogeton lucens,Glanzig fonteinkruid,0,0,0,0,0,0,0,0,0,0,0,0,0,0,0,0,HigherPlants
Potamogeton natans,Potamogeton natans,Drijvend fonteinkruid,0,0,0,0,0,0,0,0,0,0,0,0,0,0,0,0,HigherPlants
Potamogeton nodosus,Potamogeton nodosus,Rivierfonteinkruid,0,0,0,0,0,0,0,0,0,0,0,0,0,0,0,0,HigherPlants
Potamogeton obtusifolius,Potamogeton obtusifolius,Stomp fonteinkruid,0,1,0,0,0,0,0,0,0,0,0,0,0,0,0,0,HigherPlants
Potamogeton pectinatus,Potamogeton pectinatus,Schedefonteinkruid,0,0,0,0,0,0,0,0,0,0,0,0,0,0,0,0,HigherPlants
Potamogeton perfoliatus,Potamogeton perfoliatus,Doorgroeid fonteinkruid,0,0,0,0,0,0,0,0,0,0,0,0,0,0,0,0,HigherPlants
Potamogeton pusillus,Potamogeton pusillus,Tenger fonteinkruid,0,0,0,0,0,0,0,0,0,0,0,0,0,0,0,0,HigherPlants
Potamogeton x zizii,Potamogeton x zizii,Gegolfd fonteinkruid ,1,0,0,0,0,0,0,0,0,0,0,0,0,0,0,0,HigherPlants
Potentilla anserina,Potentilla anserina,Zilverschoon ,0,0,0,0,0,0,0,0,0,0,0,0,0,0,0,0,HigherPlants
Potentilla argentea,Potentilla argentea,Viltganzerik ,0,0,0,0,0,0,0,0,0,0,0,0,0,0,0,0,HigherPlants
Potentilla palustris,Potentilla palustris,Wateraardbei,0,0,0,0,0,0,0,0,0,0,0,0,0,0,0,0,HigherPlants
Potentilla recta,Potentilla recta,Rechte ganzerik ,0,0,0,0,0,0,0,0,0,0,0,0,0,0,0,0,HigherPlants
Potentilla sterilis,Potentilla sterilis,Aardbeiganzerik ,0,1,0,0,0,0,0,0,0,0,0,0,0,0,0,0,HigherPlants
Potentilla supina,Potentilla supina,Liggende ganzerik ,0,0,0,0,0,0,0,0,0,0,0,0,0,0,0,0,HigherPlants
Potentilla verna,Potentilla verna,Voorjaarsganzerik ,0,0,0,0,0,0,0,0,0,0,0,0,0,0,0,0,HigherPlants
Primula elatior,Primula elatior,Slanke sleutelbloem ,0,0,0,0,0,0,0,0,0,0,0,0,1,0,0,0,HigherPlants
Primula veris,Primula veris,Gulden sleutelbloem,0,1,0,0,0,0,0,0,0,0,0,0,0,1,0,0,HigherPlants
Primula vulgaris,Primula vulgaris,Stengelloze sleutelbloem ,0,0,1,0,0,0,0,0,0,0,0,0,0,1,0,0,HigherPlants
Prunus spinosa,Prunus spinosa,Sleedoorn,0,0,0,0,0,0,0,0,0,0,0,0,0,0,0,0,HigherPlants
Pseudofumaria lutea,Pseudofumaria lutea,Gele helmbloem,0,0,0,0,0,0,0,0,0,0,0,0,0,1,0,0,HigherPlants
Pulicaria vulgaris,Pulicaria vulgaris,Klein Vlooienkruid ,0,0,0,0,0,0,0,0,0,0,0,0,0,0,0,0,HigherPlants
Pulmonaria montana,Pulmonaria montana,Smal longkruid ,1,0,0,0,0,0,0,0,0,0,0,0,0,0,0,0,HigherPlants
Pulsatilla vulgaris,Pulsatilla vulgaris,Wildemanskruid,0,0,0,0,1,0,0,0,0,0,0,0,0,0,0,0,HigherPlants
Pyrola rotundifolia,Pyrola rotundifolia,Rond wintergroen,0,1,0,0,0,0,0,0,0,0,0,0,0,0,0,0,HigherPlants
Quercus robur,Quercus robur,Zomereik ,0,0,0,0,0,0,0,0,0,0,0,0,0,0,0,0,HigherPlants
Ranunculus acris,Ranunculus acris,Scherpe boterbloem,0,0,0,0,0,0,0,0,0,0,0,0,0,0,0,0,HigherPlants
Ranunculus arvensis,Ranunculus arvensis,Akkerboterbloem ,0,0,0,1,0,0,0,0,0,0,0,0,0,0,0,0,HigherPlants
Ranunculus baudotii,Ranunculus baudotii,Zilte waterranonkel,0,1,0,0,0,0,0,0,0,0,0,0,0,0,0,0,HigherPlants
Ranunculus circinatus,Ranunculus circinatus,Stijve waterranonkel,0,0,0,0,0,0,0,0,0,0,0,0,0,0,0,0,HigherPlants
Ranunculus fluitans,Ranunculus fluitans,Vlottende waterranonkel,0,0,1,0,0,0,0,0,0,0,0,0,0,0,0,0,HigherPlants
Ranunculus hederaceus,Ranunculus hederaceus,Klimopwaterranonkel ,0,1,0,0,0,0,0,0,0,0,0,0,0,0,0,0,HigherPlants
Ranunculus lingua,Ranunculus lingua,Grote boterbloem,0,0,0,0,0,0,0,0,0,0,0,0,0,0,0,0,HigherPlants
Ranunculus ololeucos,Ranunculus ololeucos,Witte waterranonkel ,0,0,1,0,0,0,0,0,0,0,0,0,0,0,0,0,HigherPlants
Ranunculus repens,Ranunculus repens,Kruipende boterbloem,0,0,0,0,0,0,0,0,0,0,0,0,0,0,0,0,HigherPlants
Reseda lutea,Reseda lutea,Wilde reseda,0,0,0,0,0,0,0,0,0,0,0,0,0,0,0,0,HigherPlants
Rhamnus cathartica,Rhamnus cathartica,Wegedoorn,0,0,0,0,0,0,0,0,0,0,0,0,0,0,0,0,HigherPlants
Rhamnus frangula,Rhamnus frangula,Sporkehout,0,0,0,0,0,0,0,0,0,0,0,0,0,0,0,0,HigherPlants
Rhinanthus alectorolophus,Rhinanthus alectorolophus,Harige ratelaar,0,0,0,0,0,0,0,0,0,0,0,0,0,0,0,0,HigherPlants
Rhinanthus angustifolius,Rhinanthus angustifolius,Grote ratelaar ,0,0,0,0,0,0,0,0,0,0,0,0,0,0,0,0,HigherPlants
Rhinanthus minor,Rhinanthus minor,Kleine ratelaar,1,0,0,0,0,0,0,0,0,0,0,0,0,0,0,0,HigherPlants
Rhynchospora alba,Rhynchospora alba,Witte snavelbies,0,1,0,0,0,0,0,0,0,0,0,0,0,0,0,0,HigherPlants
Rhynchospora fusca,Rhynchospora fusca,Bruine snavelbies ,1,0,0,0,0,0,0,0,0,0,0,0,0,0,0,0,HigherPlants
Rorippa amphibia,Rorippa amphibia,Gele waterkers,0,0,0,0,0,0,0,0,0,0,0,0,0,0,0,0,HigherPlants
Rosa villosa,Rosa villosa,Viltroos,0,0,1,0,0,0,0,0,0,0,0,0,0,0,0,0,HigherPlants
Rubus caesius,Rubus caesius,Dauwbraam,0,0,0,0,0,0,0,0,0,0,0,0,0,0,0,0,HigherPlants
Rumex acetosa,Rumex acetosa,Veldzuring,0,0,0,0,0,0,0,0,0,0,0,0,0,0,0,0,HigherPlants
Rumex acetosella,Rumex acetosella,Schapenzuring,0,0,0,0,0,0,0,0,0,0,0,0,0,0,0,0,HigherPlants
Rumex aquaticus,Rumex aquaticus,Paardenzuring,0,0,0,0,1,0,0,0,0,0,0,0,0,0,0,0,HigherPlants
Rumex conglomeratus,Rumex conglomeratus,Kluwenzuring,0,0,0,0,0,0,0,0,0,0,0,0,0,0,0,0,HigherPlants
Rumex crispus,Rumex crispus,Krulzuring,0,0,0,0,0,0,0,0,0,0,0,0,0,0,0,0,HigherPlants
Rumex obtusifolius,Rumex obtusifolius,Ridderzuring,0,0,0,0,0,0,0,0,0,0,0,0,0,0,0,0,HigherPlants
Rumex scutatus,Rumex scutatus,Spaanse zuring,1,0,0,0,0,0,0,0,0,0,0,0,0,0,0,0,HigherPlants
Rumex thyrsiflorus,Rumex thyrsiflorus,Geoorde zuring ,0,0,0,0,0,0,0,0,0,0,0,0,0,0,0,0,HigherPlants
Sagina nodosa,Sagina nodosa,Sierlijke vetmuur,0,1,0,0,0,0,0,0,0,0,0,0,0,0,0,0,HigherPlants
Sagittaria sagittifolia,Sagittaria sagittifolia,Pijlkruid,0,0,0,0,0,0,0,0,0,0,0,0,0,0,0,0,HigherPlants
Salix alba,Salix alba,Schietwilg,0,0,0,0,0,0,0,0,0,0,0,0,0,0,0,0,HigherPlants
Salix caprea,Salix caprea,Boswilg,0,0,0,0,0,0,0,0,0,0,0,0,0,0,0,0,HigherPlants
Salix cinerea,Salix cinerea,Grauwe wilg,0,0,0,0,0,0,0,0,0,0,0,0,0,0,0,0,HigherPlants
Salix fragilis,Salix fragilis,Kraakwilg ,0,0,0,0,0,0,0,0,0,0,0,0,0,0,0,0,HigherPlants
Salix purpurea,Salix purpurea,Bittere wilg ,0,0,0,0,0,0,0,0,0,0,0,0,0,0,0,0,HigherPlants
Salix triandra,Salix triandra,Amandelwilg,0,0,0,0,0,0,0,0,0,0,0,0,0,0,0,0,HigherPlants
Salix viminalis,Salix viminalis,Katwilg,0,0,0,0,0,0,0,0,0,0,0,0,0,0,0,0,HigherPlants
Salvia pratensis,Salvia pratensis,Veldsalie,0,1,0,0,0,0,0,0,0,0,0,0,0,1,0,0,HigherPlants
Salvia verbenaca,Salvia verbenaca,Kleinbloemige salie ,0,1,0,0,0,0,0,0,0,0,0,0,0,0,0,0,HigherPlants
Salvia verticillata,Salvia verticillata,Kranssalie ,0,0,0,1,0,0,0,0,0,0,0,0,0,0,0,0,HigherPlants
Sambucus ebulus,Sambucus ebulus,Kruidvlier,0,1,0,0,0,0,0,0,0,0,0,0,0,0,0,0,HigherPlants
Sanguisorba minor,Sanguisorba minor,Kleine pimpernel,0,0,0,0,0,0,0,0,0,0,0,0,0,0,0,0,HigherPlants
Sanguisorba officinalis,Sanguisorba officinalis,Grote pimpernel ,0,0,0,0,0,0,0,0,0,0,0,0,0,0,0,0,HigherPlants
Sanicula europaea,Sanicula europaea,Heelkruid ,0,1,0,0,0,0,0,0,0,0,0,0,0,0,0,0,HigherPlants
Saxifraga granulata,Saxifraga granulata,Knolsteenbreek,0,0,1,0,0,0,0,0,0,0,0,0,0,0,0,0,HigherPlants
Saxifraga tridactylites,Saxifraga tridactylites,Kandelaartje ,0,0,0,0,0,0,0,0,0,0,0,0,0,0,0,0,HigherPlants
Scabiosa columbaria,Scabiosa columbaria,Duifkruid,0,0,1,0,0,0,0,0,0,0,0,0,0,0,0,0,HigherPlants
Scandix pecten-veneris,Scandix pecten-veneris,Naaldenkervel ,0,0,0,1,0,0,0,0,0,0,0,0,0,0,0,0,HigherPlants
Schoenoplectus lacustris ,Schoenoplectus lacustris ,Mattenbies,0,0,0,0,0,0,0,0,0,0,0,0,0,0,0,0,HigherPlants
Schoenoplectus pungens,Schoenoplectus pungens,Stekende bies,0,0,1,0,0,0,0,0,0,0,0,0,0,0,0,0,HigherPlants
Schoenoplectus tabernaemontani,Schoenoplectus tabernaemontani,Ruwe bies,0,0,0,0,0,0,0,0,0,0,0,0,0,0,0,0,HigherPlants
Schoenoplectus triqueter,Schoenoplectus triqueter,Driekantige bies,0,0,1,0,0,0,0,0,0,0,0,0,0,0,0,0,HigherPlants
Scilla bifolia,Scilla bifolia,Sterhyacint ,0,0,0,0,0,0,0,0,0,0,0,0,0,0,0,0,HigherPlants
Scleranthus perennis,Scleranthus perennis,Overblijvende hardbloem,0,0,0,1,0,0,0,0,0,0,0,0,0,0,0,0,HigherPlants
Scrophularia canina,Scrophularia canina,Hondshelmkruid ,0,0,0,0,0,0,0,0,0,0,0,0,0,0,0,0,HigherPlants
Scrophularia nodosa,Scrophularia nodosa,Knopig helmkruid,0,0,0,0,0,0,0,0,0,0,0,0,0,0,0,0,HigherPlants
Scrophularia umbrosa,Scrophularia umbrosa,Gevleugeld helmkruid ,0,0,0,0,0,0,0,0,0,0,0,0,0,0,0,0,HigherPlants
Scutellaria minor,Scutellaria minor,Klein glidkruid ,0,0,1,0,0,0,0,0,0,0,0,0,0,0,0,0,HigherPlants
Securigera varia,Securigera varia,Bont kroonkruid,0,0,0,0,0,0,0,0,0,0,0,0,0,0,0,0,HigherPlants
Sedum album,Sedum album,Wit vetkruid ,0,0,0,0,0,0,0,0,0,0,0,0,0,0,0,0,HigherPlants
Sedum reflexum,Sedum reflexum,Tripmadam,0,1,0,0,0,0,0,0,0,0,0,0,0,0,0,0,HigherPlants
Sedum sexangulare,Sedum sexangulare,Zacht vetkruid ,0,1,0,0,0,0,0,0,0,0,0,0,0,0,0,0,HigherPlants
Senecio aquaticus,Senecio aquaticus,Waterkruiskruid ,0,0,0,0,0,0,0,0,0,0,0,0,0,0,0,0,HigherPlants
Senecio fluviatilis,Senecio fluviatilis,Rivierkruiskruid ,0,0,0,0,0,0,0,0,0,0,0,0,0,0,0,0,HigherPlants
Sherardia arvensis,Sherardia arvensis,Blauw walstro,0,1,0,0,0,0,0,0,0,0,0,0,0,0,0,0,HigherPlants
Silaum silaus,Silaum silaus,Weidekervel,0,1,0,0,0,0,0,0,0,0,0,0,0,0,0,0,HigherPlants
Silene flos-cuculi,Silene flos-cuculi,Echte koekoeksbloem,0,0,0,0,0,0,0,0,0,0,0,0,0,0,0,0,HigherPlants
Silene gallica,Silene gallica,Franse silene ,0,0,1,0,0,0,0,0,0,0,0,0,0,0,0,0,HigherPlants
Silene noctiflora,Silene noctiflora,Nachtkoekoeksbloem,0,0,1,0,0,0,0,0,0,0,0,0,0,0,0,0,HigherPlants
Silene nutans,Silene nutans,Nachtsilene ,0,0,0,0,0,0,0,0,0,0,0,0,0,0,0,0,HigherPlants
Silene vulgaris,Silene vulgaris,Blaassilene,0,0,0,0,0,0,0,0,0,0,0,0,0,0,0,0,HigherPlants
Sisymbrium altissimum,Sisymbrium altissimum,Hongaarse raket,0,0,0,0,0,0,0,0,0,0,0,0,0,0,0,0,HigherPlants
Sisymbrium austriacum subsp. chrysanthum,Sisymbrium austriacum subsp. chrysanthum,Maasraket,0,0,0,0,0,0,0,0,0,0,0,0,0,0,0,0,HigherPlants
Sisymbrium officinale,Sisymbrium officinale,Gewone raket,0,0,0,0,0,0,0,0,0,0,0,0,0,0,0,0,HigherPlants
Sisymbrium supinum,Sisymbrium supinum,Liggende raket,0,0,0,0,1,1,0,0,1,0,0,0,0,0,0,0,HigherPlants
Solanum dulcamara,Solanum dulcamara,Bitterzoet,0,0,0,0,0,0,0,0,0,0,0,0,0,0,0,0,HigherPlants
Solanum triflorum,Solanum triflorum,Driebloemige nachtschade ,0,0,0,0,0,0,0,0,0,0,0,0,0,0,0,0,HigherPlants
Solidago virgaurea,Solidago virgaurea,Echte guldenroede,0,1,0,0,0,0,0,0,0,0,0,0,0,0,0,0,HigherPlants
Sorbus aucuparia,Sorbus aucuparia,Wilde lijsterbes,0,0,0,0,0,0,0,0,0,0,0,0,0,0,0,0,HigherPlants
Sparganium erectum,Sparganium erectum,Grote egelskop,0,0,0,0,0,0,0,0,0,0,0,0,0,0,0,0,HigherPlants
Sparganium natans,Sparganium natans,Kleinste egelskop ,0,0,1,0,0,0,0,0,0,0,0,0,0,0,0,0,HigherPlants
Stachys arvensis,Stachys arvensis,Akkerandoorn ,0,1,0,0,0,0,0,0,0,0,0,0,0,0,0,0,HigherPlants
Stachys officinalis,Stachys officinalis,Betonie,0,0,1,0,0,0,0,0,0,0,0,0,0,0,0,0,HigherPlants
Stachys palustris,Stachys palustris,Moerasandoorn,0,0,0,0,0,0,0,0,0,0,0,0,0,0,0,0,HigherPlants
Stellaria media,Stellaria media,Vogelmuur ,0,0,0,0,0,0,0,0,0,0,0,0,0,0,0,0,HigherPlants
Stellaria neglecta,Stellaria neglecta,Heggenvogelmuur,0,0,0,0,0,0,0,0,0,0,0,0,0,0,0,0,HigherPlants
Stellaria nemorum,Stellaria nemorum,Bosmuur,0,0,0,0,0,0,0,0,0,0,0,0,0,0,0,0,HigherPlants
Stratiotes aloides,Stratiotes aloides,Krabbenscheer,1,0,0,0,0,0,0,0,0,0,0,0,0,0,0,0,HigherPlants
Succisa pratensis,Succisa pratensis,Blauwe knoop,1,0,0,0,0,0,0,0,0,0,0,0,0,0,0,0,HigherPlants
Symphytum officinale,Symphytum officinale,Gewone smeerwortel,0,0,0,0,0,0,0,0,0,0,0,0,0,0,0,0,HigherPlants
Tanacetum vulgare,Tanacetum vulgare,Boerenwormkruid,0,0,0,0,0,0,0,0,0,0,0,0,0,0,0,0,HigherPlants
Taraxacum celticum,Taraxacum celticum,Schraallandpaardenbloem,0,1,0,0,0,0,0,0,0,0,0,0,0,0,0,0,HigherPlants
Taraxacum officinale,Taraxacum officinale,Gewone paardenbloem,0,0,0,0,0,0,0,0,0,0,0,0,0,0,0,0,HigherPlants
Taraxacum palustre,Taraxacum palustre,Moeraspaardenbloem,0,0,1,0,0,0,0,0,0,0,0,0,0,0,0,0,HigherPlants
Teucrium montanum,Teucrium montanum,Berggamander ,0,0,0,1,0,0,0,0,0,0,0,0,0,0,0,0,HigherPlants
Teucrium scordium,Teucrium scordium,Moerasgamander,0,0,0,1,0,0,0,0,0,0,0,0,0,0,0,0,HigherPlants
Thalictrum flavum,Thalictrum flavum,Poelruit,0,0,0,0,0,0,0,0,0,0,0,0,0,0,0,0,HigherPlants
Thalictrum minus,Thalictrum minus,Kleine ruit,0,0,0,0,0,0,0,0,0,0,0,0,0,0,0,0,HigherPlants
Thlaspi perfoliatum,Thlaspi perfoliatum,Doorgroeide boerenkers,0,1,0,0,0,0,0,0,0,0,0,0,0,0,0,0,HigherPlants
Thymus pulegioides,Thymus pulegioides,Grote tijm,0,0,0,0,0,0,0,0,0,0,0,0,0,0,0,0,HigherPlants
Thymus serpyllum,Thymus serpyllum,Kleine tijm,0,0,1,0,0,0,0,0,0,0,0,0,0,0,0,0,HigherPlants
Torilis arvensis,Torilis arvensis,Akkerdoornzaad,0,0,1,0,0,0,0,0,0,0,0,0,0,0,0,0,HigherPlants
Torilis nodosa,Torilis nodosa,Knopig doornzaad,0,1,0,0,0,0,0,0,0,0,0,0,0,0,0,0,HigherPlants
Tragopogon dubius,Tragopogon dubius,Bleke morgenster ,0,0,0,0,0,0,0,0,0,0,0,0,0,0,0,0,HigherPlants
Tragopogon porrifolius,Tragopogon porrifolius,Paarse morgenster ,0,0,0,0,0,0,0,0,0,0,0,0,0,0,0,0,HigherPlants
Tragopogon pratensis subsp. orientalis,Tragopogon pratensis subsp. orientalis,Oosterse morgenster ,0,1,0,0,0,0,0,0,0,0,0,0,0,0,0,0,HigherPlants
Tragopogon pratensis subsp. pratensis,Tragopogon pratensis subsp. pratensis,Gele morgenster ,0,0,0,0,0,0,0,0,0,0,0,0,0,0,0,0,HigherPlants
Trichophorum cespitosum ,Trichophorum cespitosum ,Gewone veenbies ,0,1,0,0,0,0,0,0,0,0,0,0,0,0,0,0,HigherPlants
Trifolium dubium,Trifolium dubium,Kleine klaver ,0,0,0,0,0,0,0,0,0,0,0,0,0,0,0,0,HigherPlants
Trifolium fragiferum,Trifolium fragiferum,Aardbeiklaver ,0,0,0,0,0,0,0,0,0,0,0,0,0,0,0,0,HigherPlants
Trifolium medium,Trifolium medium,Bochtige klaver,0,1,0,0,0,0,0,0,0,0,0,0,0,0,0,0,HigherPlants
Trifolium micranthum,Trifolium micranthum,Draadklaver,0,0,1,0,0,0,0,0,0,0,0,0,0,0,0,0,HigherPlants
Trifolium repens,Trifolium repens,Witte klaver,0,0,0,0,0,0,0,0,0,0,0,0,0,0,0,0,HigherPlants
Trifolium striatum,Trifolium striatum,Gestreepte klaver ,0,1,0,0,0,0,0,0,0,0,0,0,0,0,0,0,HigherPlants
Trisetum flavescens,Trisetum flavescens,Goudhaver,0,0,0,0,0,0,0,0,0,0,0,0,0,0,0,0,HigherPlants
Typha angustifolia,Typha angustifolia,Kleine lisdodde,0,0,0,0,0,0,0,0,0,0,0,0,0,0,0,0,HigherPlants
Typha latifolia,Typha latifolia,Grote lisdodde,0,0,0,0,0,0,0,0,0,0,0,0,0,0,0,0,HigherPlants
Ulex europaeus,Ulex europaeus,Gaspeldoorn ,0,0,0,0,0,0,0,0,0,0,0,0,0,0,0,0,HigherPlants
Ulmus laevis,Ulmus laevis,Fladderiep,0,0,0,0,0,0,0,0,0,0,0,0,0,0,0,0,HigherPlants
Urtica dioica,Urtica dioica,Grote brandnetel,0,0,0,0,0,0,0,0,0,0,0,0,0,0,0,0,HigherPlants
Urtica urens,Urtica urens,Kleine brandnetel,0,0,0,0,0,0,0,0,0,0,0,0,0,0,0,0,HigherPlants
Utricularia minor,Utricularia minor,Klein blaasjeskruid ,0,1,0,0,0,0,0,0,0,0,0,0,0,0,0,0,HigherPlants
Utricularia vulgaris,Utricularia vulgaris,Groot blaasjeskruid ,0,0,0,0,0,0,0,0,0,0,0,0,0,0,0,0,HigherPlants
Vaccinium oxycoccus ,Vaccinium oxycoccus ,Kleine veenbes,0,0,0,0,0,0,0,0,0,0,0,0,0,0,0,0,HigherPlants
Valeriana dioica,Valeriana dioica,Kleine valeriaan ,0,1,0,0,0,0,0,0,0,0,0,0,0,0,0,0,HigherPlants
Valerianella carinata,Valerianella carinata,Gegroefde veldsla,0,1,0,0,0,0,0,0,0,0,0,0,0,0,0,0,HigherPlants
Valerianella dentata,Valerianella dentata,Getande veldsla,0,0,0,1,0,0,0,0,0,0,0,0,0,0,0,0,HigherPlants
Valerianella rimosa,Valerianella rimosa,Geoorde veldsla ,0,0,0,1,0,0,0,0,0,0,0,0,0,0,0,0,HigherPlants
Verbascum blattaria,Verbascum blattaria,Mottenkruid ,0,0,0,0,0,0,0,0,0,0,0,0,0,0,0,0,HigherPlants
Verbascum lychnitis,Verbascum lychnitis,Melige toorts ,0,0,0,0,0,0,0,0,0,0,0,0,0,0,0,0,HigherPlants
Verbena officinalis,Verbena officinalis,Ijzerhard ,0,0,0,0,0,0,0,0,0,0,0,0,0,0,0,0,HigherPlants
Veronica austriaca subsp. teucrium,Veronica austriaca subsp. teucrium,Brede ereprijs,0,0,0,0,0,0,0,0,0,0,0,0,0,0,0,0,HigherPlants
Veronica longifolia,Veronica longifolia,Lange ereprijs,0,0,0,0,0,0,0,0,0,0,0,0,0,1,0,0,HigherPlants
Veronica montana,Veronica montana,Bosereprijs ,0,0,0,0,0,0,0,0,0,0,0,0,0,0,0,0,HigherPlants
Veronica opaca,Veronica opaca,Doffe ereprijs,0,1,0,0,0,0,0,0,0,0,0,0,0,0,0,0,HigherPlants
Veronica praecox,Veronica praecox,Vroege ereprijs,0,0,1,0,0,0,0,0,0,0,0,0,0,0,0,0,HigherPlants
Veronica prostrata,Veronica prostrata,Liggende ereprijs,0,0,0,1,0,0,0,0,0,0,0,0,0,0,0,0,HigherPlants
Veronica scutellata,Veronica scutellata,Schildereprijs ,0,0,0,0,0,0,0,0,0,0,0,0,0,0,0,0,HigherPlants
Veronica triphyllos,Veronica triphyllos,Handjesereprijs ,0,0,0,1,0,0,0,0,0,0,0,0,0,0,0,0,HigherPlants
Veronica verna,Veronica verna,Kleine ereprijs ,0,0,0,1,0,0,0,0,0,0,0,0,0,0,0,0,HigherPlants
Vicia lathyroides,Vicia lathyroides,Lathyruswikke ,0,1,0,0,0,0,0,0,0,0,0,0,0,0,0,0,HigherPlants
Vicia tenuifolia,Vicia tenuifolia,Stijve wikke ,0,1,0,0,0,0,0,0,0,0,0,0,0,0,0,0,HigherPlants
Vinca minor,Vinca minor,Kleine maagdenpalm ,0,0,0,0,0,0,0,0,0,0,0,0,1,0,0,0,HigherPlants
Vincetoxicum hirundinaria,Vincetoxicum hirundinaria,Witte engbloem,0,1,0,0,0,0,0,0,0,0,0,0,0,0,0,0,HigherPlants
Viola arvensis,Viola arvensis,Akkerviooltje,0,0,0,0,0,0,0,0,0,0,0,0,0,0,0,0,HigherPlants
Viola canina,Viola canina,Hondsviooltje ,1,0,0,0,0,0,0,0,0,0,0,0,0,0,0,0,HigherPlants
Viola hirta,Viola hirta,Ruig viooltje ,0,1,0,0,0,0,0,0,0,0,0,0,0,0,0,0,HigherPlants
Viola odorata,Viola odorata,Maarts viooltje ,0,0,0,0,0,0,0,0,0,0,0,0,0,0,0,0,HigherPlants
Viola persicifolia,Viola persicifolia,Melkviooltje ,0,0,1,0,0,0,0,0,0,0,0,0,0,0,0,0,HigherPlants
Viola reichenbachiana,Viola reichenbachiana,Donkersporig bosviooltje ,0,0,0,0,0,0,0,0,0,0,0,0,0,0,0,0,HigherPlants
Viola tricolor,Viola tricolor,Driekleurig viooltje,0,0,0,0,0,0,0,0,0,0,0,0,0,0,0,0,HigherPlants
Viscum album,Viscum album,Maretak ,0,0,0,0,0,0,0,0,0,0,0,0,0,1,0,0,HigherPlants
Wahlenbergia hederacea,Wahlenbergia hederacea,Klimopklokje ,0,0,1,0,0,0,0,0,0,0,0,0,0,0,0,0,HigherPlants
